article_id,pdf_filename,source_url
7lslnnor5qaha6m607pcocrgtlfgl7,Correspondence0001-3.pdf,http://www.britishreformed.org/s/Correspondence0001-3.pdf
articles-articles-category-editorial-on-being-reformed,Issue-361-Editorial.pdf,http://www.britishreformed.org/s/Issue-361-Editorial.pdf
articles-category-a-friendly-dialogue-of-infant-baptism,Issue-348-A-Friendly-Dialogue.pdf,http://www.britishreformed.org/s/Issue-348-A-Friendly-Dialogue.pdf
articles-category-a-history-of-biblical-fasting-1,Issue-572-A-History-of.pdf,http://www.britishreformed.org/s/Issue-572-A-History-of.pdf
articles-category-a-report-on-the-2012-brf-family-conference,Issue-574-A-Report-on-the.pdf,http://www.britishreformed.org/s/Issue-574-A-Report-on-the.pdf
articles-category-anatomy-of-a-revival-2,Issue-413-Anatomy-of.pdf,http://www.britishreformed.org/s/Issue-413-Anatomy-of.pdf
articles-category-anatomy-of-a-revival-4,Issue-433-Anatomy-of.pdf,http://www.britishreformed.org/s/Issue-433-Anatomy-of.pdf
articles-category-anatomy-of-a-revival-5,Issue-443-Anatomy-of.pdf,http://www.britishreformed.org/s/Issue-443-Anatomy-of.pdf
articles-category-anatomy-of-revival-1,Issue-403-Anatomy-of.pdf,http://www.britishreformed.org/s/Issue-403-Anatomy-of.pdf
articles-category-book-review-2000-years-of-christs-power,Issue-367-Book-Review.pdf,http://www.britishreformed.org/s/Issue-367-Book-Review.pdf
articles-category-book-review-4,Book-Review.pdf,http://www.britishreformed.org/s/Book-Review.pdf
articles-category-book-review-article-john-wesley-false-prophet-of-free-will,Issue-404-Book-Review.pdf,http://www.britishreformed.org/s/Issue-404-Book-Review.pdf
articles-category-book-review-grace-and-assurance,Issue-693-Book-Review.pdf,http://www.britishreformed.org/s/Issue-693-Book-Review.pdf
articles-category-book-review-return-to-rome,Issue-585-Book-Review.pdf,http://www.britishreformed.org/s/Issue-585-Book-Review.pdf
articles-category-book-review-trinity-and-covenant,Issue-485-Book-Review.pdf,http://www.britishreformed.org/s/Issue-485-Book-Review.pdf
articles-category-book-review-wesley-and-men-who-followed,Issue-384-Book-Review.pdf,http://www.britishreformed.org/s/Issue-384-Book-Review.pdf
articles-category-brf-conference-2016-report,BRF-Conference-2016.pdf,http://www.britishreformed.org/s/BRF-Conference-2016.pdf
articles-category-christian-humility,BRJ71humility.pdf,http://www.britishreformed.org/s/BRJ71humility.pdf
articles-category-come-out-from-among-them,Issue-435-Come-Out.pdf,http://www.britishreformed.org/s/Issue-435-Come-Out.pdf
articles-category-common-grace-in-abraham-kuypers-lectures-on-calvinism,BRJ71kuyper.pdf,http://www.britishreformed.org/s/BRJ71kuyper.pdf
articles-category-cunningham-on-infant-baptism-2,Issue-442-Cunningham-on.pdf,http://www.britishreformed.org/s/Issue-442-Cunningham-on.pdf
articles-category-doctrinal-doublespeak,BRJ73doublespeak.pdf,http://www.britishreformed.org/s/BRJ73doublespeak.pdf
articles-category-dordts-defence-of-the-gospel-rejection-of-errors,Issue-6921-Dordts-Defence-of-the-Gospel.pdf,http://www.britishreformed.org/s/Issue-6921-Dordts-Defence-of-the-Gospel.pdf
articles-category-editorial-2,Issue-521-Editorial.pdf,http://www.britishreformed.org/s/Issue-521-Editorial.pdf
articles-category-editorial-a-critique-of-sam-waldons-the-crux-of-the-free-offer-of-the-gospel-rev-martin-mcgeown,Issue-7011-Editorial.pdf,http://www.britishreformed.org/s/Issue-7011-Editorial.pdf
articles-category-editorial-a-double-minded-god-unstable-in-all-his-ways-1,Issue-581-Editorial.pdf,http://www.britishreformed.org/s/Issue-581-Editorial.pdf
articles-category-editorial-answering-the-fool,Issue-681-Editorial.pdf,http://www.britishreformed.org/s/Issue-681-Editorial.pdf
articles-category-editorial-beholding-jehovahs-desolations,BRJ71Editorial.pdf,http://www.britishreformed.org/s/BRJ71Editorial.pdf
articles-category-editorial-hating-our-family-necessary-for-christian-discipleship,BRJ72Editorial.pdf,http://www.britishreformed.org/s/BRJ72Editorial.pdf
articles-category-editorial-hypercalvinist-7,Editorial.pdf,http://www.britishreformed.org/s/Editorial.pdf
articles-category-editorial-justification-by-faith-alone,Issue-391-Editorial.pdf,http://www.britishreformed.org/s/Issue-391-Editorial.pdf
articles-category-editorial-marriage-amp-divorce,Issue-441-Editorial.pdf,http://www.britishreformed.org/s/Issue-441-Editorial.pdf
articles-category-editorial-more-on-baptism-1,Issue-401-Editorial.pdf,http://www.britishreformed.org/s/Issue-401-Editorial.pdf
articles-category-editorial-more-on-baptism-2,Issue-411-Editorial.pdf,http://www.britishreformed.org/s/Issue-411-Editorial.pdf
articles-category-editorial-more-on-baptism-4,Issue-431-Editorial.pdf,http://www.britishreformed.org/s/Issue-431-Editorial.pdf
articles-category-editorial-packing-it-all-in,Issue-491-Editorial.pdf,http://www.britishreformed.org/s/Issue-491-Editorial.pdf
articles-category-editorial-paul-washers-miserable-doctrine-of-assurance,Editorial-fprw.pdf,http://www.britishreformed.org/s/Editorial-fprw.pdf
articles-category-editorial-the-love-of-the-truth,Issue-501-Editorial.pdf,http://www.britishreformed.org/s/Issue-501-Editorial.pdf
articles-category-editorial-the-ongoing-necessity-of-reforming-the-church,Issue-671-Editorial.pdf,http://www.britishreformed.org/s/Issue-671-Editorial.pdf
articles-category-editorial-the-pastoral-value-of-the-canons-of-dordt,Issue-691-Editorial.pdf,http://www.britishreformed.org/s/Issue-691-Editorial.pdf
articles-category-editorial-why-churches-fail,Issue-381-Editorial.pdf,http://www.britishreformed.org/s/Issue-381-Editorial.pdf
articles-category-evaluating-tamate-past-and-present-james-chalmers-1841-1901,Issue-349-Evaluating.pdf,http://www.britishreformed.org/s/Issue-349-Evaluating.pdf
articles-category-family-conference-2002,Issue-364-Family-Conference.pdf,http://www.britishreformed.org/s/Issue-364-Family-Conference.pdf
articles-category-gods-universal-church-a-report-on-the-2018-brf-conference,Issue-684-Gods-Universal-Church.pdf,http://www.britishreformed.org/s/Issue-684-Gods-Universal-Church.pdf
articles-category-horatio-spafford-not-well-with-his-soul,Horatio-Spafford.pdf,http://www.britishreformed.org/s/Horatio-Spafford.pdf
articles-category-house-churchism-an-ecclesiastical-panacea-or-poison-2,Issue-7031-House-Churchism2.pdf,http://www.britishreformed.org/s/Issue-7031-House-Churchism2.pdf
articles-category-infant-baptism,Issue-432-Cunningham-on.pdf,http://www.britishreformed.org/s/Issue-432-Cunningham-on.pdf
articles-category-james-and-paul-on-justification,Issue-583-James-and-Paul.pdf,http://www.britishreformed.org/s/Issue-583-James-and-Paul.pdf
articles-category-john-calvin-on-the-last-days-in-ii-timothy-3,BRJ72lastdays.pdf,http://www.britishreformed.org/s/BRJ72lastdays.pdf
articles-category-john-calvin-on-the-wonder-of-the-psalms,John-Calvin.pdf,http://www.britishreformed.org/s/John-Calvin.pdf
articles-category-john-knoxs-life-amp-early-writings,Issue-434-John-Knoxs-Life.pdf,http://www.britishreformed.org/s/Issue-434-John-Knoxs-Life.pdf
articles-category-keeping-gods-covenant,Issue-415-Keeping-Gods-Covenant.pdf,http://www.britishreformed.org/s/Issue-415-Keeping-Gods-Covenant.pdf
articles-category-letter-to-the-editor-1,Issue-396-Letter-to-the-Editor.pdf,http://www.britishreformed.org/s/Issue-396-Letter-to-the-Editor.pdf
articles-category-letter-to-the-editor-2,Issue-506-Letter-to-the-Editor.pdf,http://www.britishreformed.org/s/Issue-506-Letter-to-the-Editor.pdf
articles-category-letters-1,Issue-465-Letters.pdf,http://www.britishreformed.org/s/Issue-465-Letters.pdf
articles-category-letters,Issue-416-Letters.pdf,http://www.britishreformed.org/s/Issue-416-Letters.pdf
articles-category-luther-concerning-rebaptism,Issue-672-Luther-Concerning-Rebaptism.pdf,http://www.britishreformed.org/s/Issue-672-Luther-Concerning-Rebaptism.pdf
articles-category-martin-luther-and-gods-saving-righteousness-3,Issue-702-Martin-Luther3.pdf,http://www.britishreformed.org/s/Issue-702-Martin-Luther3.pdf
articles-category-new-editor,neweditor.pdf,http://www.britishreformed.org/s/neweditor.pdf
articles-category-of-catechising-amp-covenant-faithfulness,Issue-392-Of-Catechising.pdf,http://www.britishreformed.org/s/Issue-392-Of-Catechising.pdf
articles-category-of-infant-baptism,Issue-412-Of-Infant-Baptism.pdf,http://www.britishreformed.org/s/Issue-412-Of-Infant-Baptism.pdf
articles-category-our-covenant-god-friend-husband-and-father-1,Our-Covenant-God1.pdf,http://www.britishreformed.org/s/Our-Covenant-God1.pdf
articles-category-our-covenant-god-friend-husband-and-father-2,Our-Covenant-God2.pdf,http://www.britishreformed.org/s/Our-Covenant-God2.pdf
articles-category-our-covenant-god-friend-husband-and-father-3,Issue-682-Our-Covenant-God3.pdf,http://www.britishreformed.org/s/Issue-682-Our-Covenant-God3.pdf
articles-category-our-covenant-god-friend-husband-and-father-4,Issue-694-Our-Covenant-God4.pdf,http://www.britishreformed.org/s/Issue-694-Our-Covenant-God4.pdf
articles-category-pandemic-weariness,BRJ71pandemic.pdf,http://www.britishreformed.org/s/BRJ71pandemic.pdf
articles-category-personal-reflection-on-the-2008-brf-conference,Issue-502-Personal-Reflection.pdf,http://www.britishreformed.org/s/Issue-502-Personal-Reflection.pdf
articles-category-separate-powers-and-complementary-ministries,Issue-347-Separate-Powers.pdf,http://www.britishreformed.org/s/Issue-347-Separate-Powers.pdf
articles-category-spiritual-gifts,Spiritual-Gifts.pdf,http://www.britishreformed.org/s/Spiritual-Gifts.pdf
articles-category-the-belgic-a-confession-of-the-gospel-in-all-its-riches,BRJ71belgicreview.pdf,http://www.britishreformed.org/s/BRJ71belgicreview.pdf
articles-category-the-controversy-over-exclusive-psalmody,Issue395-TheControversy1-combined.pdf,http://www.britishreformed.org/s/Issue395-TheControversy1-combined.pdf
articles-category-the-editorial-except-it-be-for-fornication,Issue-481-Editorial.pdf,http://www.britishreformed.org/s/Issue-481-Editorial.pdf
articles-category-the-image-of-god-in-man-a-reformed-reassessment-1,Issue-363-The-Image-of-God.pdf,http://www.britishreformed.org/s/Issue-363-The-Image-of-God.pdf
articles-category-the-image-of-god-in-man-a-reformed-reassessment-2,Issue-373-The-Image-of.pdf,http://www.britishreformed.org/s/Issue-373-The-Image-of.pdf
articles-category-the-image-of-god-in-man-a-reformed-reassessment-3,Issue-383-The-Image-of.pdf,http://www.britishreformed.org/s/Issue-383-The-Image-of.pdf
articles-category-the-offer-of-grace-in-the-westminster-standards,BRJ72offer.pdf,http://www.britishreformed.org/s/BRJ72offer.pdf
articles-category-the-resurrection-of-a-french-heresy-joshua-de-la-places-denial-of-the-immediate-imputation-of-adams-sin-to-his-posterity-2,Issue-584-The-Resurrection-of-a.pdf,http://www.britishreformed.org/s/Issue-584-The-Resurrection-of-a.pdf
articles-category-two-men-from-trier-karl-marx-and-communism-and-caspar-olevianus-and-the-heidelberg-catechism,BRJ73marxolevianus.pdf,http://www.britishreformed.org/s/BRJ73marxolevianus.pdf
articles-category-unfolding-covenant-history-volume-6-a-review,BRJ71unfoldingreview.pdf,http://www.britishreformed.org/s/BRJ71unfoldingreview.pdf
articles-category-what-about-israel-2,Issue-582-What-about-Israel-2.pdf,http://www.britishreformed.org/s/Issue-582-What-about-Israel-2.pdf
books-a-pamphlets-books-the-five-points-of-calvinism,fivepoints.pdf,http://www.britishreformed.org/s/fivepoints.pdf
books-a-pamphlets-pamphlets-baptism-meaning-mode-a-subject,dutch_baptismkimmitt.pdf,http://www.cprf.co.uk/languages/dutch_baptismkimmitt.pdf
british-reformed-journal-issue-07-july-september-1994-the-qfree-offerq-controversy,BRJ-07-July-Sept-1994-The-Free-Offer-Controversy.pdf,http://www.britishreformed.org/s/BRJ-07-July-Sept-1994-The-Free-Offer-Controversy.pdf
british-reformed-journal-issue-1-january-march-1993-calvinism-and-preaching-1-total-depravity,brj01janmar93-06-calvinism-and-preaching01.pdf,http://www.britishreformed.org/s/brj01janmar93-06-calvinism-and-preaching01.pdf
british-reformed-journal-issue-1-january-march-1993-who-was-john-calvin,brj01janmar93-05-who-was-john-calvin.pdf,http://www.britishreformed.org/s/brj01janmar93-05-who-was-john-calvin.pdf
british-reformed-journal-issue-1-january-march-1993-why-another-reformed-journal-2,brj01janmar93-04-personal-reflections01.pdf,http://www.britishreformed.org/s/brj01janmar93-04-personal-reflections01.pdf
british-reformed-journal-issue-1-january-march-1993-why-another-reformed-journal,brj01janmar93-02-why-another-journal.pdf,http://www.britishreformed.org/s/brj01janmar93-02-why-another-journal.pdf
british-reformed-journal-issue-2-april-june-1993-calvinism-and-preaching-2-unconditional-election,brj02aprjune93-04-calvinism-and-preaching02-1.pdf,http://www.britishreformed.org/s/brj02aprjune93-04-calvinism-and-preaching02-1.pdf
british-reformed-journal-issue-2-april-june-1993-sin-and-its-consequences,brj02aprjune93-01-sin-and-its-consequences-jr3w.pdf,http://www.britishreformed.org/s/brj02aprjune93-01-sin-and-its-consequences-jr3w.pdf
british-reformed-journal-issue-2-april-june-1993-the-development-of-the-covenant-of-grace-1-the-idea-of-the-covenant-1,brj02aprjune93-06-development-of-covenant01.pdf,http://www.britishreformed.org/s/brj02aprjune93-06-development-of-covenant01.pdf
british-reformed-journal-issue-2-april-june-1993-the-work-of-the-measbro-dyke-congregation-in-barnsley,brj02aprjune93-07-measbro-dyke.pdf,http://www.britishreformed.org/s/brj02aprjune93-07-measbro-dyke.pdf
british-reformed-journal-issue-2-april-june-1993-westminster-confession-of-faith-ch-2-god-and-the-holy-trinity,brj02aprjune93-05-wcf-chapter2-kae3.pdf,http://www.britishreformed.org/s/brj02aprjune93-05-wcf-chapter2-kae3.pdf
british-reformed-journal-issue-2-april-june-1993-who-was-john-knox,brj02aprjune93-03-who-was-john-knox-8apj.pdf,http://www.britishreformed.org/s/brj02aprjune93-03-who-was-john-knox-8apj.pdf
british-reformed-journal-issue-25-january-march-1999-adoption-a-theological-exposition-of-a-neglected-doctrine,spanish_adoption.pdf,https://cprc.co.uk/wp-content/uploads/2024/03/spanish_adoption.pdf
british-reformed-journal-issue-3-july-september-1993-calvin-on-the-weekly-christian-sabbath-1,brj03julysept93-06-calvin-weekly-sabbath01.pdf,http://www.britishreformed.org/s/brj03julysept93-06-calvin-weekly-sabbath01.pdf
british-reformed-journal-issue-3-july-september-1993-correspondence-2,brj03julysept93-10-correspondence-69da.pdf,http://www.britishreformed.org/s/brj03julysept93-10-correspondence-69da.pdf
british-reformed-journal-issue-3-july-september-1993-edgbaston-reformed-church,brj03julysept93-07-edgbaston-reformed-church.pdf,http://www.britishreformed.org/s/brj03julysept93-07-edgbaston-reformed-church.pdf
british-reformed-journal-issue-3-july-september-1993-forthcoming-events,brj03julysept93-09-forthcoming-events-gr2z.pdf,http://www.britishreformed.org/s/brj03julysept93-09-forthcoming-events-gr2z.pdf
british-reformed-journal-issue-3-july-september-1993-francis-turretin-institutes-of-elenctic-theology,brj03julysept93-05-bookreview-bkzr.pdf,http://www.britishreformed.org/s/brj03julysept93-05-bookreview-bkzr.pdf
british-reformed-journal-issue-3-july-september-1993-half-day-convention-in-lewes,brj03julysept93-08-halfday-convention-rhh8.pdf,http://www.britishreformed.org/s/brj03julysept93-08-halfday-convention-rhh8.pdf
british-reformed-journal-issue-3-july-september-1993-robust-christianity,brj03julysept93-01-robust-christianity-wp7j.pdf,http://www.britishreformed.org/s/brj03julysept93-01-robust-christianity-wp7j.pdf
british-reformed-journal-issue-3-july-september-1993-the-development-of-the-covenant-of-grace-2-the-idea-of-the-covenant-2,brj03julysept93-04-development-of-covenant02-ccsc.pdf,http://www.britishreformed.org/s/brj03julysept93-04-development-of-covenant02-ccsc.pdf
british-reformed-journal-issue-3-july-september-1993-what-is-calvinism,brj03julysept93-02-what-is-calvinism-lcew.pdf,http://www.britishreformed.org/s/brj03julysept93-02-what-is-calvinism-lcew.pdf
british-reformed-journal-issue-51-autumnwinter-2009-calvin-versus-darwin-anniversaries-origins-and-world-views-1,spanish_calvinvsdarwin.pdf,https://cprc.co.uk/wp-content/uploads/2024/03/spanish_calvinvsdarwin.pdf
category-08ujf2ok9h87mh5g7n2ixgwnv92lsw,BRJ-10-Apr-June-1995-Man-as-Evangelised.pdf,http://www.britishreformed.org/s/BRJ-10-Apr-June-1995-Man-as-Evangelised.pdf
category-0k1h3d4fk6lbqz73ipvniuteo6mr4p,BRF-Family-Holiday-Conference0001.pdf,http://www.britishreformed.org/s/BRF-Family-Holiday-Conference0001.pdf
category-0mnpge2spk494o8hyg3tn7bm9porpe,Correspondence0001-x677.pdf,http://www.britishreformed.org/s/Correspondence0001-x677.pdf
category-2orjsxyeg1z3ihfoxt9vnvslvkouqf,Biblical-Theology-A-Review-and-Application.pdf,http://www.britishreformed.org/s/Biblical-Theology-A-Review-and-Application.pdf
category-653ygslazpszrscm1scz3mwm35dp5q,John-Owen-Progressive-Presbyterianism0001.pdf,http://www.britishreformed.org/s/John-Owen-Progressive-Presbyterianism0001.pdf
category-6cc16hm3h4xwixuf1qhubp3f671fo8,BRJ-10-Apr-June-1995-Correspondance.pdf,http://www.britishreformed.org/s/BRJ-10-Apr-June-1995-Correspondance.pdf
category-6ff5yqy0kw8zfu7bjjbt99flloh3f0,Northern-Irelands-New-Reformed-Church0001.pdf,http://www.britishreformed.org/s/Northern-Irelands-New-Reformed-Church0001.pdf
category-6hq1ghoztkexr9yd79vjjdvxlbowpp,Presbyterianism-and-Independency0001.pdf,http://www.britishreformed.org/s/Presbyterianism-and-Independency0001.pdf
category-75-years-our-goodly-heritage-preserved,Issue-315-75-Years.pdf,http://www.britishreformed.org/s/Issue-315-75-Years.pdf
category-75ea3ze4uwp76f9e2zbfku3puzb4j9,Does-God-Love-Everyone0001.pdf,http://www.britishreformed.org/s/Does-God-Love-Everyone0001.pdf
category-95sznybjbpt8u723rlbgajeqinofpd,Correspondence-A-Matter-of-Controversy0001.pdf,http://www.britishreformed.org/s/Correspondence-A-Matter-of-Controversy0001.pdf
category-a-critique-of-the-trichotomous-view-of-human-nature-1,BRJ60trichotomy.pdf,http://www.britishreformed.org/s/BRJ60trichotomy.pdf
category-a-critique-of-the-trichotomous-view-of-human-nature-2,BRJ61trichotomy.pdf,http://www.britishreformed.org/s/BRJ61trichotomy.pdf
category-a-definition-of-gospel-preaching-calvinistic-or-arminian,BRJ59preaching.pdf,http://www.britishreformed.org/s/BRJ59preaching.pdf
category-a-matter-of-concern-1,Issue-242-A-Matter-of-Concern.pdf,http://www.britishreformed.org/s/Issue-242-A-Matter-of-Concern.pdf
category-a-matter-of-concern-2,Issue-252-A-Matter-of-Concern.pdf,http://www.britishreformed.org/s/Issue-252-A-Matter-of-Concern.pdf
category-a-matter-of-concern,Issue-233-A-Matter-of-Concern.pdf,http://www.britishreformed.org/s/Issue-233-A-Matter-of-Concern.pdf
category-a-matter-of-copyrights,Issue-321-A-Matter.pdf,http://www.britishreformed.org/s/Issue-321-A-Matter.pdf
category-a-special-essay-for-reformed-ecumenicity-a-covenantal-solution-to-controversy,BRJ-35-Autumn-2002-reformed-ecumenicity.pdf,http://www.britishreformed.org/s/BRJ-35-Autumn-2002-reformed-ecumenicity.pdf
category-a-visit-to-edinburgh,BRJ-08-Oct-Dec-1994-Visit-to-Edinburgh.pdf,http://www.britishreformed.org/s/BRJ-08-Oct-Dec-1994-Visit-to-Edinburgh.pdf
category-a-word-of-appreciationrev-ron-hanko,Issue-322-A-Word-of.pdf,http://www.britishreformed.org/s/Issue-322-A-Word-of.pdf
category-adultery-does-it-break-the-marriage-bond-3,BRJ55adultery.pdf,http://www.britishreformed.org/s/BRJ55adultery.pdf
category-americas-declining-fundamentalism-a-critical-review,Issue-217-Americas.pdf,http://www.britishreformed.org/s/Issue-217-Americas.pdf
category-amyrauldianism-historical-amp-contemporary,BRJ-09-Jan-Mar-1995-amyraldianism.pdf,http://www.britishreformed.org/s/BRJ-09-Jan-Mar-1995-amyraldianism.pdf
category-anatomy-of-a-revival-3,Issue-423-Anatomy-of.pdf,http://www.britishreformed.org/s/Issue-423-Anatomy-of.pdf
category-annual-general-meeting-report,Annual-General-Meeting-Secretary-Report-1.pdf,http://www.britishreformed.org/s/Annual-General-Meeting-Secretary-Report-1.pdf
category-apologetics,brj04octdec93-02-apologetics-bkmf.pdf,http://www.britishreformed.org/s/brj04octdec93-02-apologetics-bkmf.pdf
category-are-you-an-active-member,Issue-342-Are-You.pdf,http://www.britishreformed.org/s/Issue-342-Are-You.pdf
category-arminianism-the-road-to-rome,BRJ-07-July-Sept-1994-Arminianism-Road-to-Rome.pdf,http://www.britishreformed.org/s/BRJ-07-July-Sept-1994-Arminianism-Road-to-Rome.pdf
category-assurance-and-good-works-in-the-three-forms-of-unity,BRJ55assurance.pdf,http://www.britishreformed.org/s/BRJ55assurance.pdf
category-banned-by-the-evangelical-times,BRJ64bannedbyET.pdf,http://www.britishreformed.org/s/BRJ64bannedbyET.pdf
category-baptism-its-mode-4-acts-of-the-apostles,BRJ-09-Jan-Mar-1995-baptism-mode-4.pdf,http://www.britishreformed.org/s/BRJ-09-Jan-Mar-1995-baptism-mode-4.pdf
category-be-ye-holy-2g2e3-j4w2g,portuguese_unionwithChristforeword.pdf,https://cprc.co.uk/wp-content/uploads/2024/08/portuguese_unionwithChristforeword.pdf
category-bnurmsqki1i6yo3bzeolsjz5headtz,John-Kennedy-of-Dingwall0001.pdf,http://www.britishreformed.org/s/John-Kennedy-of-Dingwall0001.pdf
category-book-review-1,BRJ-08-Oct-Dec-1994-Book-Review-A-Watered-Garden.pdf,http://www.britishreformed.org/s/BRJ-08-Oct-Dec-1994-Book-Review-A-Watered-Garden.pdf
category-book-review-2,Issue-255-Book-Review.pdf,http://www.britishreformed.org/s/Issue-255-Book-Review.pdf
category-book-review-3,Issue-306-Book-Review.pdf,http://www.britishreformed.org/s/Issue-306-Book-Review.pdf
category-book-review-article,BRJ63joyunspeakable.pdf,http://www.britishreformed.org/s/BRJ63joyunspeakable.pdf
category-book-review-federal-vision,BRJ56fvreview.pdf,http://www.britishreformed.org/s/BRJ56fvreview.pdf
category-book-review-god-is-impassible-and-impassioned,BRJ76bookreview.pdf,http://www.britishreformed.org/s/BRJ76bookreview.pdf
category-book-review-nolans-inquiry-into-the-integrity-of-the-received-text,BRJ-09-Jan-Mar-1995-book-review-ks6d.pdf,http://www.britishreformed.org/s/BRJ-09-Jan-Mar-1995-book-review-ks6d.pdf
category-book-review-portraits-of-faithful-saints,Issue-326-Book-Review.pdf,http://www.britishreformed.org/s/Issue-326-Book-Review.pdf
category-book-review-the-reading-and-preaching-of-the-scriptures-vol5,Issue-424-Book-Review.pdf,http://www.britishreformed.org/s/Issue-424-Book-Review.pdf
category-book-review,BRJ61creedsreview.pdf,http://www.britishreformed.org/s/BRJ61creedsreview.pdf
category-book-reviews-1-g9nem,Issue226-BookReviews-5.pdf,http://www.britishreformed.org/s/Issue226-BookReviews-5.pdf
category-book-reviews-1,Issue-226-Book-Reviews.pdf,http://www.britishreformed.org/s/Issue-226-Book-Reviews.pdf
category-book-reviews-2,Issue-265-Book-Reviews.pdf,http://www.britishreformed.org/s/Issue-265-Book-Reviews.pdf
category-book-reviews-3-de9rl,Issue276-BookReviews-2.pdf,http://www.britishreformed.org/s/Issue276-BookReviews-2.pdf
category-book-reviews-3,Issue276-BookReviews-1.pdf,http://www.britishreformed.org/s/Issue276-BookReviews-1.pdf
category-book-reviews-particular-grace-by-abraham-kuyper-amp-redeem-the-time-by-steve-griffiths,BRJ-35-Autumn-2002-book-reviews.pdf,http://www.britishreformed.org/s/BRJ-35-Autumn-2002-book-reviews.pdf
category-book-reviews,Copy-of-BRJ-05-Jan-Mar-1994-pages-7-pages-2.pdf,http://www.britishreformed.org/s/Copy-of-BRJ-05-Jan-Mar-1994-pages-7-pages-2.pdf
category-british-reformed-fellowship-family-conferences,Copy-of-BRJ-05-Jan-Mar-1994-pages-7.pdf,http://www.britishreformed.org/s/Copy-of-BRJ-05-Jan-Mar-1994-pages-7.pdf
category-c,Correspondence-oq29.pdf,http://www.britishreformed.org/s/Correspondence-oq29.pdf
category-calvin-on-the-weekly-sabbath-2,brj04octdec93-06-calvin-weekly-sabbath02-s482.pdf,http://www.britishreformed.org/s/brj04octdec93-06-calvin-weekly-sabbath02-s482.pdf
category-calvinism-and-preaching-3-limited-atonement,brj04octdec93-07-calvinism-and-preaching03-52e5.pdf,http://www.britishreformed.org/s/brj04octdec93-07-calvinism-and-preaching03-52e5.pdf
category-calvinism-and-preaching-4-irresistible-grace,Copy-of-BRJ-05-Jan-Mar-1994-pages-5.pdf,http://www.britishreformed.org/s/Copy-of-BRJ-05-Jan-Mar-1994-pages-5.pdf
category-calvinism-and-preaching-5-perseverance-of-the-saints,BRJ-06-Apr-June-1994-calvinism-and-preaching.pdf,http://www.britishreformed.org/s/BRJ-06-Apr-June-1994-calvinism-and-preaching.pdf
category-castlewellan-1998-brf-conference-report,Issue-244-Castlewellan-1998.pdf,http://www.britishreformed.org/s/Issue-244-Castlewellan-1998.pdf
category-cefn-lea-wales-brf-conference-2000-report,Issue-313-Cefn-Lea.pdf,http://www.britishreformed.org/s/Issue-313-Cefn-Lea.pdf
category-chairmans-remarks-1,Issue-343-Chairmans-Remarks.pdf,http://www.britishreformed.org/s/Issue-343-Chairmans-Remarks.pdf
category-chairmans-remarks-3,BRJ-35-Autumn-2002-charimans-remarks.pdf,http://www.britishreformed.org/s/BRJ-35-Autumn-2002-charimans-remarks.pdf
category-children-church-and-the-lords-day,brj04octdec93-04-children-church-and-lordsday-kztf.pdf,http://www.britishreformed.org/s/brj04octdec93-04-children-church-and-lordsday-kztf.pdf
category-churche,Churches-of-a-Locality0001.pdf,http://www.britishreformed.org/s/Churches-of-a-Locality0001.pdf
category-circumcision-initiatory-rite-of-the-ot-church,Issue-304-Circumcision.pdf,http://www.britishreformed.org/s/Issue-304-Circumcision.pdf
category-closing-the-door-on-open-theism-1-omniscience-versus-predictability,BRJ60opentheism.pdf,http://www.britishreformed.org/s/BRJ60opentheism.pdf
category-closing-the-door-on-open-theism-open-theisms-assault-on-the-attributes-of-god-2,BRJ61opentheism.pdf,http://www.britishreformed.org/s/BRJ61opentheism.pdf
category-closing-the-door-on-open-theism-open-theisms-assault-on-the-attributes-of-god-3,BRJ62opentheism.pdf,http://www.britishreformed.org/s/BRJ62opentheism.pdf
category-common-grace-and-the-christian-institute,BRJ75cgchristianinstitute.pdf,http://www.britishreformed.org/s/BRJ75cgchristianinstitute.pdf
category-coping-in-times-of-spiritual-declension,BRJ-06-Apr-June-1994-coping.pdf,http://www.britishreformed.org/s/BRJ-06-Apr-June-1994-coping.pdf
category-correspondence-1,Copy-of-BRJ-05-Jan-Mar-1994-pages-8.pdf,http://www.britishreformed.org/s/Copy-of-BRJ-05-Jan-Mar-1994-pages-8.pdf
category-correspondence-2,BRJ-06-Apr-June-1994-correspondance.pdf,http://www.britishreformed.org/s/BRJ-06-Apr-June-1994-correspondance.pdf
category-correspondence-3,BRJ-07-July-Sept-1994-Correspondence.pdf,http://www.britishreformed.org/s/BRJ-07-July-Sept-1994-Correspondence.pdf
category-correspondence-4,BRJ-08-Oct-Dec-1994-Correspondence.pdf,http://www.britishreformed.org/s/BRJ-08-Oct-Dec-1994-Correspondence.pdf
category-correspondence-5,BRJ-09-Jan-Mar-1995-correspondence.pdf,http://www.britishreformed.org/s/BRJ-09-Jan-Mar-1995-correspondence.pdf
category-correspondence-christian-institute-remembering-thirty-years-brj,BRJ76correspondence.pdf,http://www.britishreformed.org/s/BRJ76correspondence.pdf
category-correspondence-gods-tender-mercies-continued,BRJ-20-Oct-Dec-1997-pages-6-correspondance.pdf,http://www.britishreformed.org/s/BRJ-20-Oct-Dec-1997-pages-6-correspondance.pdf
category-correspondence-those-hebrew-vowel-points-again,Issue-215-Correspondence.pdf,http://www.britishreformed.org/s/Issue-215-Correspondence.pdf
category-correspondence,brj04octdec93-10-correspondence-cldt.pdf,http://www.britishreformed.org/s/brj04octdec93-10-correspondence-cldt.pdf
category-critical-review-of-worship-in-spirit-and-truth-john-frame-the-de-regulation-of-the-regulative-principle,BRJ-20-Oct-Dec-1997-pages-4-de-regulation-of-regulative-principle.pdf,http://www.britishreformed.org/s/BRJ-20-Oct-Dec-1997-pages-4-de-regulation-of-regulative-principle.pdf
category-d-a-carsons-difficult-doctrine-of-the-love-of-god,BRJ59carson-1.pdf,http://www.britishreformed.org/s/BRJ59carson-1.pdf
category-d1j0j6wblcdafxbja7pcn9pv90ymwp,Book-Review-Saved-by-Grace0001.pdf,http://www.britishreformed.org/s/Book-Review-Saved-by-Grace0001.pdf
category-decline-of-reformation-calvinism-in-19th-cent-scotland-part-3-rearguard,Issue-246-Decline-of-Reformation.pdf,http://www.britishreformed.org/s/Issue-246-Decline-of-Reformation.pdf
category-decline-of-reformation-calvinism-in-19th-cent-scotland-part-4-watchmen-and-watchword,Issue-254-Decline-of-Reformation.pdf,http://www.britishreformed.org/s/Issue-254-Decline-of-Reformation.pdf
category-decline-of-reformation-calvinism-in-19th-cent-scotland-part-two-the-serpent-cometh-hath-god-said,Issue-232-Decline-of-Reformation.pdf,http://www.britishreformed.org/s/Issue-232-Decline-of-Reformation.pdf
category-decline-of-reformation-calvinism-in-19th-cent-scotland,Issue-223-Decline-of-Reformation.pdf,http://www.britishreformed.org/s/Issue-223-Decline-of-Reformation.pdf
category-development-of-the-reformation-under-zwingli-and-a-discussion-of-his-teaching-on-the-lords-supper-2,BRJ-07-July-Sept-1994-Development-of-Reformation-under-Zwingli-2.pdf,http://www.britishreformed.org/s/BRJ-07-July-Sept-1994-Development-of-Reformation-under-Zwingli-2.pdf
category-development-of-the-reformation-under-zwingli-and-a-discussion-of-his-teaching-on-the-lords-supper,BRJ-06-Apr-June-1994-development-of-the-reformation.pdf,http://www.britishreformed.org/s/BRJ-06-Apr-June-1994-development-of-the-reformation.pdf
category-distinctives-of-the-reformed-faith-as-emphasised-by-the-british-reformed-fellowship,brj04octdec93-05-distinctives04-jmhn.pdf,http://www.britishreformed.org/s/brj04octdec93-05-distinctives04-jmhn.pdf
category-do-i-have-broccoli-in-my-teeth,BRJ-35-Autumn-2002-broccoli-in-my-teeth.pdf,http://www.britishreformed.org/s/BRJ-35-Autumn-2002-broccoli-in-my-teeth.pdf
category-do,Does-God-Love-Everyone.pdf,http://www.britishreformed.org/s/Does-God-Love-Everyone.pdf
category-dordrecht-fortress-of-the-canons,Issue-281-Dordrecht.pdf,http://www.britishreformed.org/s/Issue-281-Dordrecht.pdf
category-edited-half-away,Issue-251-Edited-Half-Away.pdf,http://www.britishreformed.org/s/Issue-251-Edited-Half-Away.pdf
category-editorial-1,Issue-221-Editorial.pdf,http://www.britishreformed.org/s/Issue-221-Editorial.pdf
category-editorial-2,BRJ-35-Autumn-2002-editorial.pdf,http://www.britishreformed.org/s/BRJ-35-Autumn-2002-editorial.pdf
category-editorial-a-double-minded-god-unstable-in-all-his-ways,Issue-571-Editorial.pdf,http://www.britishreformed.org/s/Issue-571-Editorial.pdf
category-editorial-hyper-calvinist-1,BRJ59hypercalvinism.pdf,http://www.britishreformed.org/s/BRJ59hypercalvinism.pdf
category-editorial-hyper-calvinist-2,BRJ60Editorial.pdf,http://www.britishreformed.org/s/BRJ60Editorial.pdf
category-editorial-hyper-calvinist-3,BRJ61editorial.pdf,http://www.britishreformed.org/s/BRJ61editorial.pdf
category-editorial-hyper-calvinist-4,BRJ62editorial.pdf,http://www.britishreformed.org/s/BRJ62editorial.pdf
category-editorial-hyper-calvinist-5,BRJ63hypercalvinist.pdf,http://www.britishreformed.org/s/BRJ63hypercalvinist.pdf
category-editorial-hyper-calvinist-6,BRJ64hypercalvinist6.pdf,http://www.britishreformed.org/s/BRJ64hypercalvinist6.pdf
category-editorial-its-too-complicated,BRJ73Editorial.pdf,http://www.britishreformed.org/s/BRJ73Editorial.pdf
category-editorial-more-loving-than-god-1,BRJ75moreloving1.pdf,http://www.britishreformed.org/s/BRJ75moreloving1.pdf
category-editorial-more-loving-than-god-2,BRJ76moreloving2.pdf,http://www.britishreformed.org/s/BRJ76moreloving2.pdf
category-editorial-more-loving-than-god-3,BRJ77moreloving3.pdf,http://www.britishreformed.org/s/BRJ77moreloving3.pdf
category-editorial-more-on-baptism-3,Issue-421-Editorial.pdf,http://www.britishreformed.org/s/Issue-421-Editorial.pdf
category-editorial-righteous-by-faith-alone,Issue-371-Editorial.pdf,http://www.britishreformed.org/s/Issue-371-Editorial.pdf
category-editorial-the-exceeding-greatness-of-gods-power-to-believers,BRJ74editorial.pdf,http://www.britishreformed.org/s/BRJ74editorial.pdf
category-editorial-the-fight-for-the-reformed-faith,BRJ-09-Jan-Mar-1995-fight-for-reformed-faith.pdf,http://www.britishreformed.org/s/BRJ-09-Jan-Mar-1995-fight-for-reformed-faith.pdf
category-editorial,Editorial0001.pdf,http://www.britishreformed.org/s/Editorial0001.pdf
category-ekbrfry3tccxogw4i7l6e3drposedk,BRJ-10-Apr-June-1995-Book-Review-Scent-from-Heaven.pdf,http://www.britishreformed.org/s/BRJ-10-Apr-June-1995-Book-Review-Scent-from-Heaven.pdf
category-evangelicalism-the-new-roman-catholicism,BRJ60evangelicalism.pdf,http://www.britishreformed.org/s/BRJ60evangelicalism.pdf
category-evangelism-a-reformed-debate,Issue-222-Evangelism.pdf,http://www.britishreformed.org/s/Issue-222-Evangelism.pdf
category-family-holiday-conference-at-galashiels-in-scotland,BRJ-08-Oct-Dec-1994-Family-Holiday-Conference-PICTURES.pdf,http://www.britishreformed.org/s/BRJ-08-Oct-Dec-1994-Family-Holiday-Conference-PICTURES.pdf
category-for,Forum-Response-John-Own-Re-Presbyterianised0001.pdf,http://www.britishreformed.org/s/Forum-Response-John-Own-Re-Presbyterianised0001.pdf
category-forum-1,John-Owen-RePresbyterianized0001.pdf,http://www.britishreformed.org/s/John-Owen-RePresbyterianized0001.pdf
category-forum-cornelius-van-til-paradox-amp-contradictions,Issue-275-Forum-Cornelius-Van-Til.pdf,http://www.britishreformed.org/s/Issue-275-Forum-Cornelius-Van-Til.pdf
category-forum-god-directly-at-work-graciously-in-the-reprobate,Issue-225-Forum.pdf,http://www.britishreformed.org/s/Issue-225-Forum.pdf
category-forum-more-on-process-theology-amp-the-absolute-god,Issue-245-FORUM.pdf,http://www.britishreformed.org/s/Issue-245-FORUM.pdf
category-forum-process-theology-amp-the-absolute-god,Issue-234-Forum-Process-Theology.pdf,http://www.britishreformed.org/s/Issue-234-Forum-Process-Theology.pdf
category-forum-response,John-Owen-RePresbyterianized0001-ex7d.pdf,http://www.britishreformed.org/s/John-Owen-RePresbyterianized0001-ex7d.pdf
category-forum-the-lord-blessing-the-infants,Issue-216-Forum.pdf,http://www.britishreformed.org/s/Issue-216-Forum.pdf
category-forum,Forum.pdf,http://www.britishreformed.org/s/Forum.pdf
category-further-objections-to-the-free-offer,BRJ-08-Oct-Dec-1994-Further-Objections-to-Free-Offer.pdf,http://www.britishreformed.org/s/BRJ-08-Oct-Dec-1994-Further-Objections-to-Free-Offer.pdf
category-gods-promise-demands-infant-baptism,BRJ75promisedemands.pdf,http://www.britishreformed.org/s/BRJ75promisedemands.pdf
category-gods-saving-will-in-the-new-testament-1,BRJ77savingwill1.pdf,http://www.britishreformed.org/s/BRJ77savingwill1.pdf
category-guest-editorial,BRJ55editorial.pdf,http://www.britishreformed.org/s/BRJ55editorial.pdf
category-half-day-convention-in-morley-on-18th-september,brj04octdec93-08-halfday-convention-ad4n.pdf,http://www.britishreformed.org/s/brj04octdec93-08-halfday-convention-ad4n.pdf
category-harold-camping-refuted-the-necessity-of-membership-in-the-church-institute-2,BRJ55membership.pdf,http://www.britishreformed.org/s/BRJ55membership.pdf
category-house-churchism-an-ecclesiastical-panacea-or-poison-1,BRJ56housechurch.pdf,http://www.britishreformed.org/s/BRJ56housechurch.pdf
category-house-churchism-an-ecclesiastical-panacea-or-poison-4,BRJ76housechurchism4.pdf,http://www.britishreformed.org/s/BRJ76housechurchism4.pdf
category-human-responsibility,brj04octdec93-01-human-responsibility-lr4n.pdf,http://www.britishreformed.org/s/brj04octdec93-01-human-responsibility-lr4n.pdf
category-hung,Hung-All-Around-With-Massive-Calvinistic-Armor.pdf,http://www.britishreformed.org/s/Hung-All-Around-With-Massive-Calvinistic-Armor.pdf
category-i1r2g87t7t53dl64wniu6ir8gumh4w,Book-Review-Revival-and-Revivalism0001.pdf,http://www.britishreformed.org/s/Book-Review-Revival-and-Revivalism0001.pdf
category-i5i3jx4p73t3no0l68tee6usqk7rbh,The-Place-of-the-Confession-in-the-Local-Church0001.pdf,http://www.britishreformed.org/s/The-Place-of-the-Confession-in-the-Local-Church0001.pdf
category-immersionism-not-a-biblical-dogma,Issue-305-Immersionism.pdf,http://www.britishreformed.org/s/Issue-305-Immersionism.pdf
category-in-defence-of-our-reformed-heritage,Issue-243-In-Defence-of.pdf,http://www.britishreformed.org/s/Issue-243-In-Defence-of.pdf
category-jesus-the-messiah-as-prophesied-by-moses,Jesus-the-Messiah-as-Prophesied-by-Moses0001.pdf,http://www.britishreformed.org/s/Jesus-the-Messiah-as-Prophesied-by-Moses0001.pdf
category-jireh-chapel-lewes-east-sussex,Copy-of-BRJ-05-Jan-Mar-1994-pages-6.pdf,http://www.britishreformed.org/s/Copy-of-BRJ-05-Jan-Mar-1994-pages-6.pdf
category-john-knox,Issue-231-John-Knox.pdf,http://www.britishreformed.org/s/Issue-231-John-Knox.pdf
category-john-owen-bulwark-against-arminianism-part-ii,John-Owen-Bulwark-Against-Arminianism-lfn4.pdf,http://www.britishreformed.org/s/John-Owen-Bulwark-Against-Arminianism-lfn4.pdf
category-john-owen-progressive-presbyterian,John-Owen-Progressive-Presbyterian.pdf,http://www.britishreformed.org/s/John-Owen-Progressive-Presbyterian.pdf
category-keeping-the-covenant,Keeping-the-Covenant-Christian-Education0001.pdf,http://www.britishreformed.org/s/Keeping-the-Covenant-Christian-Education0001.pdf
category-kp99u253ph35w5s5kinnd3u22kbx4o,Circumcision-and-Baptism0001.pdf,http://www.britishreformed.org/s/Circumcision-and-Baptism0001.pdf
category-land-of-revivals-wales-in-religious-and-historical-perspective,BRJ-20-Oct-Dec-1997-pages-3-land-of-revivals.pdf,http://www.britishreformed.org/s/BRJ-20-Oct-Dec-1997-pages-3-land-of-revivals.pdf
category-letter-from-the-editor,Issue-368-Letter.pdf,http://www.britishreformed.org/s/Issue-368-Letter.pdf
category-letter-to-the-brf,BRJ56letter.pdf,http://www.britishreformed.org/s/BRJ56letter.pdf
category-letter-to-the-editor,BRJ55letter.pdf,http://www.britishreformed.org/s/BRJ55letter.pdf
category-lvpfforg9y1bmrpi6t1pvw6xxgxlaz,Correspondence-1.pdf,http://www.britishreformed.org/s/Correspondence-1.pdf
category-martin-luther-and-gods-saving-righteousness-1,Issue-6731-Martin-Luther1.pdf,http://www.britishreformed.org/s/Issue-6731-Martin-Luther1.pdf
category-michael-kimmit-in-grateful-remembrance,BRJ64kimmitt.pdf,http://www.britishreformed.org/s/BRJ64kimmitt.pdf
category-mom4wxb4e2wg09h0js7avgteuzx2td-llyjf,BRJ-10-Apr-June-1995-001-The-Westminster-Standards-and-the-Gospel-Offer.pdf,http://www.britishreformed.org/s/BRJ-10-Apr-June-1995-001-The-Westminster-Standards-and-the-Gospel-Offer.pdf
category-mom4wxb4e2wg09h0js7avgteuzx2td,BRJ-10-Apr-June-1995-Baptism-Mode-5.pdf,http://www.britishreformed.org/s/BRJ-10-Apr-June-1995-Baptism-Mode-5.pdf
category-new-editor-for-the-journal,BRJ-08-Oct-Dec-1994-New-Editor.pdf,http://www.britishreformed.org/s/BRJ-08-Oct-Dec-1994-New-Editor.pdf
category-no-private-interpretation-an-old-and-neglected-doctrine-reaffirmed,BRJ-35-Autumn-2002-no-private-interpretation.pdf,http://www.britishreformed.org/s/BRJ-35-Autumn-2002-no-private-interpretation.pdf
category-not-so-sure-with-mr-spurgeon,Not-so-Sure-with-Mr-Spurgeon0001.pdf,http://www.britishreformed.org/s/Not-so-Sure-with-Mr-Spurgeon0001.pdf
category-o73wxjewmevxi07fsl6g9k2g0o9h5g,Book-Reviews0001.pdf,http://www.britishreformed.org/s/Book-Reviews0001.pdf
category-of-communion-with-god-the-father-son-and-holy-ghost-1,BRJ61owen.pdf,http://www.britishreformed.org/s/BRJ61owen.pdf
category-of-communion-with-god-the-father-son-and-holy-ghost-2,BRJ63owen2.pdf,http://www.britishreformed.org/s/BRJ63owen2.pdf
category-of-communion-with-god-the-father-son-and-holy-ghost-3,BRJ64owen3.pdf,http://www.britishreformed.org/s/BRJ64owen3.pdf
category-of-psalms-battle-axes-and-burnt-cakes,Issue-334-Of-Psalms.pdf,http://www.britishreformed.org/s/Issue-334-Of-Psalms.pdf
category-our-ancient-heritage,BRJ-06-Apr-June-1994-our-ancient-heritage.pdf,http://www.britishreformed.org/s/BRJ-06-Apr-June-1994-our-ancient-heritage.pdf
category-paedobaptism-and-circumcision,Issue-293-Paedobaptism-and.pdf,http://www.britishreformed.org/s/Issue-293-Paedobaptism-and.pdf
category-personal-reflections-on-the-2010-brf-conference,BRJ55conference.pdf,http://www.britishreformed.org/s/BRJ55conference.pdf
category-preaching-the-true-gospel-properly,BRJ-09-Jan-Mar-1995-preaching-true-gospel-properly.pdf,http://www.britishreformed.org/s/BRJ-09-Jan-Mar-1995-preaching-true-gospel-properly.pdf
category-presbyterian-scotland-a-self-assessment,BRJ-08-Oct-Dec-1994-Presbyterian-Scotland.pdf,http://www.britishreformed.org/s/BRJ-08-Oct-Dec-1994-Presbyterian-Scotland.pdf
category-princeton-seminary-vol-1-faith-amp-learning,Issue-214-Princeton-Seminary-Vol-1.pdf,http://www.britishreformed.org/s/Issue-214-Princeton-Seminary-Vol-1.pdf
category-psalms-and-hymns,Issue-261-Psalms-and-Hymns.pdf,http://www.britishreformed.org/s/Issue-261-Psalms-and-Hymns.pdf
category-pure-words-preserved-words-the-doctrine-of-providential-preservation,BRJ-08-Oct-Dec-1994-Pure-Words.pdf,http://www.britishreformed.org/s/BRJ-08-Oct-Dec-1994-Pure-Words.pdf
category-rene-born-again-duchess-of-ferrara,Issue-316-Renee.pdf,http://www.britishreformed.org/s/Issue-316-Renee.pdf
category-review-a-new-hearing-for-the-authorised-version-by-theodore-letis,BRJ-20-Oct-Dec-1997-pages-5-review-a-new-hearing-for-authorised-version.pdf,http://www.britishreformed.org/s/BRJ-20-Oct-Dec-1997-pages-5-review-a-new-hearing-for-authorised-version.pdf
category-review-and-appreciation-for-thy-truths-sake,Issue-314-Review-and.pdf,http://www.britishreformed.org/s/Issue-314-Review-and.pdf
category-review-british-reformed-fellowship-family-conference-2014,BRJ62conference.pdf,http://www.britishreformed.org/s/BRJ62conference.pdf
category-revivalist-propaganda-amp-the-cause-of-truth-in-wales-1,Issue-224-Revivalist-Propaganda.pdf,http://www.britishreformed.org/s/Issue-224-Revivalist-Propaganda.pdf
category-revivalist-propaganda-amp-the-cause-of-truth-in-wales,Issue-213-Revivalist-Propaganda.pdf,http://www.britishreformed.org/s/Issue-213-Revivalist-Propaganda.pdf
category-secondary-issue-syndrome,Issue-247-Secondary-Issue-Syndrome.pdf,http://www.britishreformed.org/s/Issue-247-Secondary-Issue-Syndrome.pdf
category-sqgn767lpz21hzfrk3a4oe66nyy0j6,In-Defence-of-Controversy.pdf,http://www.britishreformed.org/s/In-Defence-of-Controversy.pdf
category-stealing-for-the-glory-of-god,BRJ-35-Autumn-2002-stealing-for-the-glory-of-God.pdf,http://www.britishreformed.org/s/BRJ-35-Autumn-2002-stealing-for-the-glory-of-God.pdf
category-still-water-revival-for-the-third-reformation,Issue-274-Still-Waters-Revival.pdf,http://www.britishreformed.org/s/Issue-274-Still-Waters-Revival.pdf
category-tell-me-why-i-dont-like-mondays,BRJ-35-Autumn-2002-i-dont-like-mondays.pdf,http://www.britishreformed.org/s/BRJ-35-Autumn-2002-i-dont-like-mondays.pdf
category-the-2,The-Reformed-View-of-Baptism0001.pdf,http://www.britishreformed.org/s/The-Reformed-View-of-Baptism0001.pdf
category-the-antiquity-of-infant-amp-household-baptisms,Issue-325-The-Antiquity-of.pdf,http://www.britishreformed.org/s/Issue-325-The-Antiquity-of.pdf
category-the-apostheosis-of-man-in-evangelical-church-worship,BRJ64apotheosis.pdf,http://www.britishreformed.org/s/BRJ64apotheosis.pdf
category-the-baptist-system-unscriptural-amp-unreformed-part-2,Issue-303-The-Baptist-System.pdf,http://www.britishreformed.org/s/Issue-303-The-Baptist-System.pdf
category-the-baptist-system-unscriptural-amp-unreformed-part-3,Issue-312-The-Baptist-System.pdf,http://www.britishreformed.org/s/Issue-312-The-Baptist-System.pdf
category-the-baptist-system-unscriptural-amp-unreformed,Issue-291-The-Baptist-System.pdf,http://www.britishreformed.org/s/Issue-291-The-Baptist-System.pdf
category-the-baptist-system-unscriptural-and-unreformed-part-4,Issue-323-The-Baptist-System.pdf,http://www.britishreformed.org/s/Issue-323-The-Baptist-System.pdf
category-the-biblical-doctrine-of-psalmody-1,Issue-262-The-Biblical.pdf,http://www.britishreformed.org/s/Issue-262-The-Biblical.pdf
category-the-blessed-name-jesus,Copy-of-BRJ-01-Jan-Mar-1993-part-2.pdf,http://www.britishreformed.org/s/Copy-of-BRJ-01-Jan-Mar-1993-part-2.pdf
category-the-coming-of-elijah,Issue-414-The-Coming-of.pdf,http://www.britishreformed.org/s/Issue-414-The-Coming-of.pdf
category-the-decline-of-american-presbyterianism,Issue-273-The-Decline-of.pdf,http://www.britishreformed.org/s/Issue-273-The-Decline-of.pdf
category-the-destructive-teaching-of-hypo-calvinism-in-common-grace-scripturally-exposed,BRJ73hypocalvinism.pdf,http://www.britishreformed.org/s/BRJ73hypocalvinism.pdf
category-the-development-of-the-covenant-of-grace-3-the-covenant-a-bond-of-friendship,Copy-of-BRJ-05-Jan-Mar-1994-pages-4.pdf,http://www.britishreformed.org/s/Copy-of-BRJ-05-Jan-Mar-1994-pages-4.pdf
category-the-doctr,The-Doctrine-of-Scripture.pdf,http://www.britishreformed.org/s/The-Doctrine-of-Scripture.pdf
category-the-english-delegation-to-the-synod-of-dordt,Issue-285-The-English-Delegation.pdf,http://www.britishreformed.org/s/Issue-285-The-English-Delegation.pdf
category-the-erosion-of-biblical-psalmody-in-scots-presbyterianism,Issue-272-The-Erosion-of.pdf,http://www.britishreformed.org/s/Issue-272-The-Erosion-of.pdf
category-the-fascinating-history-they-didnt-tell-us-at-school-part-2-8acza,BRJ-08-Oct-Dec-1994-Fascinating-History-3.pdf,http://www.britishreformed.org/s/BRJ-08-Oct-Dec-1994-Fascinating-History-3.pdf
category-the-fascinating-history-they-didnt-tell-us-at-school-part-2,BRJ-07-July-Sept-1994-Fascinating-History.pdf,http://www.britishreformed.org/s/BRJ-07-July-Sept-1994-Fascinating-History.pdf
category-the-fascinating-history-they-didnt-tell-us-at-school,BRJ-06-Apr-June-1994-the-fascinating-history.pdf,http://www.britishreformed.org/s/BRJ-06-Apr-June-1994-the-fascinating-history.pdf
category-the-fight,John-Owen-Bulwark-Against-Arminianism.pdf,http://www.britishreformed.org/s/John-Owen-Bulwark-Against-Arminianism.pdf
category-the-forgotten-pink,The-Forgotten-Pink.pdf,http://www.britishreformed.org/s/The-Forgotten-Pink.pdf
category-the-geneva-theses-1649-a-recently-uncovered-jewel,BRJ62genevatheses.pdf,http://www.britishreformed.org/s/BRJ62genevatheses.pdf
category-the-historicity-integrity-and-inspiration-of-the-book-of-job-1,Issue-573-The-Historicity.pdf,http://www.britishreformed.org/s/Issue-573-The-Historicity.pdf
category-the-historicity-integrity-and-inspiration-of-the-book-of-job-2,BRJ59job2.pdf,http://www.britishreformed.org/s/BRJ59job2.pdf
category-the-image-of-god-and-the-responsibility-of-man,BRJ77imageandresponsibility.pdf,http://www.britishreformed.org/s/BRJ77imageandresponsibility.pdf
category-the-inspiration-of-scripture-in-historic-orthodoxy-in-modern-bible-translations,BRJ-07-July-Sept-1994-Inspiration-of-Scripture.pdf,http://www.britishreformed.org/s/BRJ-07-July-Sept-1994-Inspiration-of-Scripture.pdf
category-the-love-of-god,BRJ-06-Apr-June-1994-the-love-of-god.pdf,http://www.britishreformed.org/s/BRJ-06-Apr-June-1994-the-love-of-god.pdf
category-the-modern-peter-pans,Issue-345-The-Modern.pdf,http://www.britishreformed.org/s/Issue-345-The-Modern.pdf
category-the-pastoral-character-of-the-canons-of-dordt,Issue-283-The-Pastoral-Character.pdf,http://www.britishreformed.org/s/Issue-283-The-Pastoral-Character.pdf
category-the-reality-of-wrath-towards-a-true-understanding-of-god-and-the-gospel,Issue-337-The-Reality-of-Wrath.pdf,http://www.britishreformed.org/s/Issue-337-The-Reality-of-Wrath.pdf
category-the-refor,The-Reformed-Church-in-the-Philippines0001.pdf,http://www.britishreformed.org/s/The-Reformed-Church-in-the-Philippines0001.pdf
category-the-reformed-family-authoritative-content-of-the-gospel-rhnp4-hx2r6-kfef6,BRJ74bookreview.pdf,http://www.britishreformed.org/s/BRJ74bookreview.pdf
category-the-reformed-family-authoritative-content-of-the-gospel-rhnp4-hx2r6,BRJ74conferencereport.pdf,http://www.britishreformed.org/s/BRJ74conferencereport.pdf
category-the-reformed-family-authoritative-content-of-the-gospel-rhnp4,BRJ74housechurch3.pdf,http://www.britishreformed.org/s/BRJ74housechurch3.pdf
category-the-reformed-family-authoritative-content-of-the-gospel,BRJ74reffamily1.pdf,http://www.britishreformed.org/s/BRJ74reffamily1.pdf
category-the-reformed-family-parents-and-children,BRJ75reffamily2.pdf,http://www.britishreformed.org/s/BRJ75reffamily2.pdf
category-the-reformed-life-and-world-view-what-is-it,brj04octdec93-03-reformed-worldview-5b4m.pdf,http://www.britishreformed.org/s/brj04octdec93-03-reformed-worldview-5b4m.pdf
category-the-reformed-view-of-baptism-2-its-mode,BRJ-07-July-Sept-1994-Reformed-View-of-Baptism-2.pdf,http://www.britishreformed.org/s/BRJ-07-July-Sept-1994-Reformed-View-of-Baptism-2.pdf
category-the-reformed-view-of-baptism-3-its-mode-continued-1,BRJ-08-Oct-Dec-1994-Reformed-Baptism-3.pdf,http://www.britishreformed.org/s/BRJ-08-Oct-Dec-1994-Reformed-Baptism-3.pdf
category-the-reformed-view-of-baptism,BRJ-06-Apr-June-1994-reformed-view-of-baptism.pdf,http://www.britishreformed.org/s/BRJ-06-Apr-June-1994-reformed-view-of-baptism.pdf
category-the-resurrection-of-a-french-heresy-joshua-de-la-places-denial-of-the-immediate-imputation-of-adams-sin-to-his-posterity-1,BRJ56delaplace.pdf,http://www.britishreformed.org/s/BRJ56delaplace.pdf
category-the-scriptural-presentation-of-gods-hatred,Issue-422-The-Scriptural-Presentation.pdf,http://www.britishreformed.org/s/Issue-422-The-Scriptural-Presentation.pdf
category-the-subjects-of-babtism,The-Subjects-of-Baptism0001.pdf,http://www.britishreformed.org/s/The-Subjects-of-Baptism0001.pdf
category-the-sufficiency-inspiration-of-holy-scripture,Copy-of-BRJ-05-Jan-Mar-1994-pages-2.pdf,http://www.britishreformed.org/s/Copy-of-BRJ-05-Jan-Mar-1994-pages-2.pdf
category-the-synod-of-dordt,Issue-282-The-Synod-of-Dordt.pdf,http://www.britishreformed.org/s/Issue-282-The-Synod-of-Dordt.pdf
category-the-three-waves-of-charismatic-christianity,BRJ63threewaves.pdf,http://www.britishreformed.org/s/BRJ63threewaves.pdf
category-the-westminster-confession,Issue-301-The-Westminster-Confession.pdf,http://www.britishreformed.org/s/Issue-301-The-Westminster-Confession.pdf
category-the,BRJ-10-Apr-June-1995-The-Forgotten-Kennedy-2.pdf,http://www.britishreformed.org/s/BRJ-10-Apr-June-1995-The-Forgotten-Kennedy-2.pdf
category-unbiblical-divorce-and-adulterous-remarriage-a-scandal,BRJ76divorceremarriagescandel.pdf,http://www.britishreformed.org/s/BRJ76divorceremarriagescandel.pdf
category-urmtpo0ly59otbxhpeqqbik2p5pyaq,Review-Hyper-Evangelism-Another-Gospel0001.pdf,http://www.britishreformed.org/s/Review-Hyper-Evangelism-Another-Gospel0001.pdf
category-w6tkusdye0c7rnbp5e6a27p6jmqrkx,Book-Reviews-Dimensions-of-Eternal-Love0001.pdf,http://www.britishreformed.org/s/Book-Reviews-Dimensions-of-Eternal-Love0001.pdf
category-what-about-israel-1,BRJ56Israel.pdf,http://www.britishreformed.org/s/BRJ56Israel.pdf
category-what-good-are-they-today,BRJ-07-July-Sept-1994-What-Good-are-they-Today.pdf,http://www.britishreformed.org/s/BRJ-07-July-Sept-1994-What-Good-are-they-Today.pdf
category-who-are-the-wicked-amp-the-righteous-in-scripture,Issue-324-WHO-are-the-Wicked.pdf,http://www.britishreformed.org/s/Issue-324-WHO-are-the-Wicked.pdf
category-who-are-the-wicked-and-the-righteous-in-scripture,Issue-311-WHO-are-the.pdf,http://www.britishreformed.org/s/Issue-311-WHO-are-the.pdf
category-who-seduced-our-fathers-away-from-psalmody-isaac-watts-unmasked,Issue-264-WHO-Seduced-our.pdf,http://www.britishreformed.org/s/Issue-264-WHO-Seduced-our.pdf
category-why-we-sing-psalms,BRJ-06-Apr-June-1994-why-we-sing-psalms.pdf,http://www.britishreformed.org/s/BRJ-06-Apr-June-1994-why-we-sing-psalms.pdf
category-words-of-inspiration,Copy-of-BRJ-05-Jan-Mar-1994-pages-3.pdf,http://www.britishreformed.org/s/Copy-of-BRJ-05-Jan-Mar-1994-pages-3.pdf
category-zion-independent-chapel-morley-near-leeds,brj04octdec93-09-zion-independent-chapel-pmzp.pdf,http://www.britishreformed.org/s/brj04octdec93-09-zion-independent-chapel-pmzp.pdf
ka9sgrb88n732chw5pcrzgn22rg32j,Issue-235-Correspondence.pdf,http://www.britishreformed.org/s/Issue-235-Correspondence.pdf
pjytv0yealc8aitq690yzwddfyg77d,Correspondence0001-1.pdf,http://www.britishreformed.org/s/Correspondence0001-1.pdf
pyllmp83l7mjmdbg985n7cfxlsx3n8,Correspondence-drbs.pdf,http://www.britishreformed.org/s/Correspondence-drbs.pdf
smkf6x9nfas8c54j74mmmcn76l8pxf,Issue-327-Correspondence.pdf,http://www.britishreformed.org/s/Issue-327-Correspondence.pdf
