url,filename,local,bytes,status,ms,article_count,article_ids
http://www.britishreformed.org/s/Issue-361-Editorial.pdf,Issue-361-Editorial.pdf,/home/workspace/1 Projects/brf2/scratch/phase-2/ws-2.4/downloads/Issue-361-Editorial.pdf,2469845,200,0,1,articles-articles-category-editorial-on-being-reformed
http://www.britishreformed.org/s/Correspondence0001-3.pdf,Correspondence0001-3.pdf,/home/workspace/1 Projects/brf2/scratch/phase-2/ws-2.4/downloads/Correspondence0001-3.pdf,2672744,200,0,1,7lslnnor5qaha6m607pcocrgtlfgl7
http://www.britishreformed.org/s/Issue-572-A-History-of.pdf,Issue-572-A-History-of.pdf,/home/workspace/1 Projects/brf2/scratch/phase-2/ws-2.4/downloads/Issue-572-A-History-of.pdf,6755574,200,0,1,articles-category-a-history-of-biblical-fasting-1
http://www.britishreformed.org/s/Issue-574-A-Report-on-the.pdf,Issue-574-A-Report-on-the.pdf,/home/workspace/1 Projects/brf2/scratch/phase-2/ws-2.4/downloads/Issue-574-A-Report-on-the.pdf,5214786,200,0,1,articles-category-a-report-on-the-2012-brf-family-conference
http://www.britishreformed.org/s/Issue-413-Anatomy-of.pdf,Issue-413-Anatomy-of.pdf,/home/workspace/1 Projects/brf2/scratch/phase-2/ws-2.4/downloads/Issue-413-Anatomy-of.pdf,10927718,200,0,1,articles-category-anatomy-of-a-revival-2
http://www.britishreformed.org/s/Issue-433-Anatomy-of.pdf,Issue-433-Anatomy-of.pdf,/home/workspace/1 Projects/brf2/scratch/phase-2/ws-2.4/downloads/Issue-433-Anatomy-of.pdf,5208155,200,0,1,articles-category-anatomy-of-a-revival-4
http://www.britishreformed.org/s/Issue-443-Anatomy-of.pdf,Issue-443-Anatomy-of.pdf,/home/workspace/1 Projects/brf2/scratch/phase-2/ws-2.4/downloads/Issue-443-Anatomy-of.pdf,10056165,200,0,1,articles-category-anatomy-of-a-revival-5
http://www.britishreformed.org/s/Issue-348-A-Friendly-Dialogue.pdf,Issue-348-A-Friendly-Dialogue.pdf,/home/workspace/1 Projects/brf2/scratch/phase-2/ws-2.4/downloads/Issue-348-A-Friendly-Dialogue.pdf,2578616,200,0,1,articles-category-a-friendly-dialogue-of-infant-baptism
http://www.britishreformed.org/s/Issue-403-Anatomy-of.pdf,Issue-403-Anatomy-of.pdf,/home/workspace/1 Projects/brf2/scratch/phase-2/ws-2.4/downloads/Issue-403-Anatomy-of.pdf,10697445,200,0,1,articles-category-anatomy-of-revival-1
http://www.britishreformed.org/s/Issue-367-Book-Review.pdf,Issue-367-Book-Review.pdf,/home/workspace/1 Projects/brf2/scratch/phase-2/ws-2.4/downloads/Issue-367-Book-Review.pdf,1022065,200,0,1,articles-category-book-review-2000-years-of-christs-power
http://www.britishreformed.org/s/Book-Review.pdf,Book-Review.pdf,/home/workspace/1 Projects/brf2/scratch/phase-2/ws-2.4/downloads/Book-Review.pdf,224925,200,0,1,articles-category-book-review-4
http://www.britishreformed.org/s/Issue-404-Book-Review.pdf,Issue-404-Book-Review.pdf,/home/workspace/1 Projects/brf2/scratch/phase-2/ws-2.4/downloads/Issue-404-Book-Review.pdf,6521830,200,0,1,articles-category-book-review-article-john-wesley-false-prophet-of-free-will
http://www.britishreformed.org/s/Issue-693-Book-Review.pdf,Issue-693-Book-Review.pdf,/home/workspace/1 Projects/brf2/scratch/phase-2/ws-2.4/downloads/Issue-693-Book-Review.pdf,3450857,200,0,1,articles-category-book-review-grace-and-assurance
http://www.britishreformed.org/s/Issue-585-Book-Review.pdf,Issue-585-Book-Review.pdf,/home/workspace/1 Projects/brf2/scratch/phase-2/ws-2.4/downloads/Issue-585-Book-Review.pdf,3843010,200,0,1,articles-category-book-review-return-to-rome
http://www.britishreformed.org/s/Issue-485-Book-Review.pdf,Issue-485-Book-Review.pdf,/home/workspace/1 Projects/brf2/scratch/phase-2/ws-2.4/downloads/Issue-485-Book-Review.pdf,3248021,200,0,1,articles-category-book-review-trinity-and-covenant
http://www.britishreformed.org/s/Issue-384-Book-Review.pdf,Issue-384-Book-Review.pdf,/home/workspace/1 Projects/brf2/scratch/phase-2/ws-2.4/downloads/Issue-384-Book-Review.pdf,2793143,200,0,1,articles-category-book-review-wesley-and-men-who-followed
http://www.britishreformed.org/s/BRF-Conference-2016.pdf,BRF-Conference-2016.pdf,/home/workspace/1 Projects/brf2/scratch/phase-2/ws-2.4/downloads/BRF-Conference-2016.pdf,224343,200,0,1,articles-category-brf-conference-2016-report
http://www.britishreformed.org/s/BRJ71humility.pdf,BRJ71humility.pdf,/home/workspace/1 Projects/brf2/scratch/phase-2/ws-2.4/downloads/BRJ71humility.pdf,324778,200,0,1,articles-category-christian-humility
http://www.britishreformed.org/s/Issue-435-Come-Out.pdf,Issue-435-Come-Out.pdf,/home/workspace/1 Projects/brf2/scratch/phase-2/ws-2.4/downloads/Issue-435-Come-Out.pdf,6562552,200,0,1,articles-category-come-out-from-among-them
http://www.britishreformed.org/s/BRJ71kuyper.pdf,BRJ71kuyper.pdf,/home/workspace/1 Projects/brf2/scratch/phase-2/ws-2.4/downloads/BRJ71kuyper.pdf,333652,200,0,1,articles-category-common-grace-in-abraham-kuypers-lectures-on-calvinism
http://www.britishreformed.org/s/Issue-442-Cunningham-on.pdf,Issue-442-Cunningham-on.pdf,/home/workspace/1 Projects/brf2/scratch/phase-2/ws-2.4/downloads/Issue-442-Cunningham-on.pdf,3803323,200,0,1,articles-category-cunningham-on-infant-baptism-2
http://www.britishreformed.org/s/BRJ73doublespeak.pdf,BRJ73doublespeak.pdf,/home/workspace/1 Projects/brf2/scratch/phase-2/ws-2.4/downloads/BRJ73doublespeak.pdf,287520,200,0,1,articles-category-doctrinal-doublespeak
http://www.britishreformed.org/s/Issue-6921-Dordts-Defence-of-the-Gospel.pdf,Issue-6921-Dordts-Defence-of-the-Gospel.pdf,/home/workspace/1 Projects/brf2/scratch/phase-2/ws-2.4/downloads/Issue-6921-Dordts-Defence-of-the-Gospel.pdf,7690856,200,0,1,articles-category-dordts-defence-of-the-gospel-rejection-of-errors
http://www.britishreformed.org/s/Issue-521-Editorial.pdf,Issue-521-Editorial.pdf,/home/workspace/1 Projects/brf2/scratch/phase-2/ws-2.4/downloads/Issue-521-Editorial.pdf,1034585,200,0,1,articles-category-editorial-2
http://www.britishreformed.org/s/Issue-7011-Editorial.pdf,Issue-7011-Editorial.pdf,/home/workspace/1 Projects/brf2/scratch/phase-2/ws-2.4/downloads/Issue-7011-Editorial.pdf,8017491,200,0,1,articles-category-editorial-a-critique-of-sam-waldons-the-crux-of-the-free-offer-of-the-gospel-rev-martin-mcgeown
http://www.britishreformed.org/s/Issue-581-Editorial.pdf,Issue-581-Editorial.pdf,/home/workspace/1 Projects/brf2/scratch/phase-2/ws-2.4/downloads/Issue-581-Editorial.pdf,2221067,200,0,1,articles-category-editorial-a-double-minded-god-unstable-in-all-his-ways-1
http://www.britishreformed.org/s/Issue-681-Editorial.pdf,Issue-681-Editorial.pdf,/home/workspace/1 Projects/brf2/scratch/phase-2/ws-2.4/downloads/Issue-681-Editorial.pdf,7099985,200,0,1,articles-category-editorial-answering-the-fool
http://www.britishreformed.org/s/BRJ71Editorial.pdf,BRJ71Editorial.pdf,/home/workspace/1 Projects/brf2/scratch/phase-2/ws-2.4/downloads/BRJ71Editorial.pdf,294586,200,0,1,articles-category-editorial-beholding-jehovahs-desolations
http://www.britishreformed.org/s/BRJ72Editorial.pdf,BRJ72Editorial.pdf,/home/workspace/1 Projects/brf2/scratch/phase-2/ws-2.4/downloads/BRJ72Editorial.pdf,318113,200,0,1,articles-category-editorial-hating-our-family-necessary-for-christian-discipleship
http://www.britishreformed.org/s/Editorial.pdf,Editorial.pdf,/home/workspace/1 Projects/brf2/scratch/phase-2/ws-2.4/downloads/Editorial.pdf,318238,200,0,1,articles-category-editorial-hypercalvinist-7
http://www.britishreformed.org/s/Issue-391-Editorial.pdf,Issue-391-Editorial.pdf,/home/workspace/1 Projects/brf2/scratch/phase-2/ws-2.4/downloads/Issue-391-Editorial.pdf,2773800,200,0,1,articles-category-editorial-justification-by-faith-alone
http://www.britishreformed.org/s/Issue-441-Editorial.pdf,Issue-441-Editorial.pdf,/home/workspace/1 Projects/brf2/scratch/phase-2/ws-2.4/downloads/Issue-441-Editorial.pdf,7854066,200,0,1,articles-category-editorial-marriage-amp-divorce
http://www.britishreformed.org/s/Issue-401-Editorial.pdf,Issue-401-Editorial.pdf,/home/workspace/1 Projects/brf2/scratch/phase-2/ws-2.4/downloads/Issue-401-Editorial.pdf,4985651,200,0,1,articles-category-editorial-more-on-baptism-1
http://www.britishreformed.org/s/Issue-411-Editorial.pdf,Issue-411-Editorial.pdf,/home/workspace/1 Projects/brf2/scratch/phase-2/ws-2.4/downloads/Issue-411-Editorial.pdf,10216919,200,0,1,articles-category-editorial-more-on-baptism-2
http://www.britishreformed.org/s/Issue-431-Editorial.pdf,Issue-431-Editorial.pdf,/home/workspace/1 Projects/brf2/scratch/phase-2/ws-2.4/downloads/Issue-431-Editorial.pdf,7479189,200,0,1,articles-category-editorial-more-on-baptism-4
http://www.britishreformed.org/s/Issue-491-Editorial.pdf,Issue-491-Editorial.pdf,/home/workspace/1 Projects/brf2/scratch/phase-2/ws-2.4/downloads/Issue-491-Editorial.pdf,1379959,200,0,1,articles-category-editorial-packing-it-all-in
http://www.britishreformed.org/s/Editorial-fprw.pdf,Editorial-fprw.pdf,/home/workspace/1 Projects/brf2/scratch/phase-2/ws-2.4/downloads/Editorial-fprw.pdf,363208,200,0,1,articles-category-editorial-paul-washers-miserable-doctrine-of-assurance
http://www.britishreformed.org/s/Issue-501-Editorial.pdf,Issue-501-Editorial.pdf,/home/workspace/1 Projects/brf2/scratch/phase-2/ws-2.4/downloads/Issue-501-Editorial.pdf,3264186,200,0,1,articles-category-editorial-the-love-of-the-truth
http://www.britishreformed.org/s/Issue-671-Editorial.pdf,Issue-671-Editorial.pdf,/home/workspace/1 Projects/brf2/scratch/phase-2/ws-2.4/downloads/Issue-671-Editorial.pdf,8353650,200,0,1,articles-category-editorial-the-ongoing-necessity-of-reforming-the-church
http://www.britishreformed.org/s/Issue-691-Editorial.pdf,Issue-691-Editorial.pdf,/home/workspace/1 Projects/brf2/scratch/phase-2/ws-2.4/downloads/Issue-691-Editorial.pdf,8748297,200,0,1,articles-category-editorial-the-pastoral-value-of-the-canons-of-dordt
http://www.britishreformed.org/s/Issue-381-Editorial.pdf,Issue-381-Editorial.pdf,/home/workspace/1 Projects/brf2/scratch/phase-2/ws-2.4/downloads/Issue-381-Editorial.pdf,3343322,200,0,1,articles-category-editorial-why-churches-fail
http://www.britishreformed.org/s/Issue-349-Evaluating.pdf,Issue-349-Evaluating.pdf,/home/workspace/1 Projects/brf2/scratch/phase-2/ws-2.4/downloads/Issue-349-Evaluating.pdf,5412597,200,0,1,articles-category-evaluating-tamate-past-and-present-james-chalmers-1841-1901
http://www.britishreformed.org/s/Issue-364-Family-Conference.pdf,Issue-364-Family-Conference.pdf,/home/workspace/1 Projects/brf2/scratch/phase-2/ws-2.4/downloads/Issue-364-Family-Conference.pdf,2977907,200,0,1,articles-category-family-conference-2002
http://www.britishreformed.org/s/Issue-684-Gods-Universal-Church.pdf,Issue-684-Gods-Universal-Church.pdf,/home/workspace/1 Projects/brf2/scratch/phase-2/ws-2.4/downloads/Issue-684-Gods-Universal-Church.pdf,2547059,200,0,1,articles-category-gods-universal-church-a-report-on-the-2018-brf-conference
http://www.britishreformed.org/s/Horatio-Spafford.pdf,Horatio-Spafford.pdf,/home/workspace/1 Projects/brf2/scratch/phase-2/ws-2.4/downloads/Horatio-Spafford.pdf,319449,200,0,1,articles-category-horatio-spafford-not-well-with-his-soul
http://www.britishreformed.org/s/Issue-7031-House-Churchism2.pdf,Issue-7031-House-Churchism2.pdf,/home/workspace/1 Projects/brf2/scratch/phase-2/ws-2.4/downloads/Issue-7031-House-Churchism2.pdf,7815657,200,0,1,articles-category-house-churchism-an-ecclesiastical-panacea-or-poison-2
http://www.britishreformed.org/s/Issue-432-Cunningham-on.pdf,Issue-432-Cunningham-on.pdf,/home/workspace/1 Projects/brf2/scratch/phase-2/ws-2.4/downloads/Issue-432-Cunningham-on.pdf,3631545,200,0,1,articles-category-infant-baptism
http://www.britishreformed.org/s/BRJ72lastdays.pdf,BRJ72lastdays.pdf,/home/workspace/1 Projects/brf2/scratch/phase-2/ws-2.4/downloads/BRJ72lastdays.pdf,386959,200,0,1,articles-category-john-calvin-on-the-last-days-in-ii-timothy-3
http://www.britishreformed.org/s/John-Calvin.pdf,John-Calvin.pdf,/home/workspace/1 Projects/brf2/scratch/phase-2/ws-2.4/downloads/John-Calvin.pdf,264247,200,0,1,articles-category-john-calvin-on-the-wonder-of-the-psalms
http://www.britishreformed.org/s/Issue-583-James-and-Paul.pdf,Issue-583-James-and-Paul.pdf,/home/workspace/1 Projects/brf2/scratch/phase-2/ws-2.4/downloads/Issue-583-James-and-Paul.pdf,2393706,200,0,1,articles-category-james-and-paul-on-justification
http://www.britishreformed.org/s/Issue-434-John-Knoxs-Life.pdf,Issue-434-John-Knoxs-Life.pdf,/home/workspace/1 Projects/brf2/scratch/phase-2/ws-2.4/downloads/Issue-434-John-Knoxs-Life.pdf,7083451,200,0,1,articles-category-john-knoxs-life-amp-early-writings
http://www.britishreformed.org/s/Issue-415-Keeping-Gods-Covenant.pdf,Issue-415-Keeping-Gods-Covenant.pdf,/home/workspace/1 Projects/brf2/scratch/phase-2/ws-2.4/downloads/Issue-415-Keeping-Gods-Covenant.pdf,1916372,200,0,1,articles-category-keeping-gods-covenant
http://www.britishreformed.org/s/Issue-396-Letter-to-the-Editor.pdf,Issue-396-Letter-to-the-Editor.pdf,/home/workspace/1 Projects/brf2/scratch/phase-2/ws-2.4/downloads/Issue-396-Letter-to-the-Editor.pdf,1536481,200,0,1,articles-category-letter-to-the-editor-1
http://www.britishreformed.org/s/Issue-506-Letter-to-the-Editor.pdf,Issue-506-Letter-to-the-Editor.pdf,/home/workspace/1 Projects/brf2/scratch/phase-2/ws-2.4/downloads/Issue-506-Letter-to-the-Editor.pdf,652023,200,0,1,articles-category-letter-to-the-editor-2
http://www.britishreformed.org/s/Issue-465-Letters.pdf,Issue-465-Letters.pdf,/home/workspace/1 Projects/brf2/scratch/phase-2/ws-2.4/downloads/Issue-465-Letters.pdf,4550097,200,0,1,articles-category-letters-1
http://www.britishreformed.org/s/Issue-416-Letters.pdf,Issue-416-Letters.pdf,/home/workspace/1 Projects/brf2/scratch/phase-2/ws-2.4/downloads/Issue-416-Letters.pdf,1336498,200,0,1,articles-category-letters
http://www.britishreformed.org/s/Issue-672-Luther-Concerning-Rebaptism.pdf,Issue-672-Luther-Concerning-Rebaptism.pdf,/home/workspace/1 Projects/brf2/scratch/phase-2/ws-2.4/downloads/Issue-672-Luther-Concerning-Rebaptism.pdf,7116770,200,0,1,articles-category-luther-concerning-rebaptism
http://www.britishreformed.org/s/Issue-702-Martin-Luther3.pdf,Issue-702-Martin-Luther3.pdf,/home/workspace/1 Projects/brf2/scratch/phase-2/ws-2.4/downloads/Issue-702-Martin-Luther3.pdf,6445566,200,0,1,articles-category-martin-luther-and-gods-saving-righteousness-3
http://www.britishreformed.org/s/neweditor.pdf,neweditor.pdf,/home/workspace/1 Projects/brf2/scratch/phase-2/ws-2.4/downloads/neweditor.pdf,254762,200,0,1,articles-category-new-editor
http://www.britishreformed.org/s/Issue-392-Of-Catechising.pdf,Issue-392-Of-Catechising.pdf,/home/workspace/1 Projects/brf2/scratch/phase-2/ws-2.4/downloads/Issue-392-Of-Catechising.pdf,578699,200,0,1,articles-category-of-catechising-amp-covenant-faithfulness
http://www.britishreformed.org/s/Issue-412-Of-Infant-Baptism.pdf,Issue-412-Of-Infant-Baptism.pdf,/home/workspace/1 Projects/brf2/scratch/phase-2/ws-2.4/downloads/Issue-412-Of-Infant-Baptism.pdf,3606539,200,0,1,articles-category-of-infant-baptism
http://www.britishreformed.org/s/Our-Covenant-God1.pdf,Our-Covenant-God1.pdf,/home/workspace/1 Projects/brf2/scratch/phase-2/ws-2.4/downloads/Our-Covenant-God1.pdf,279437,200,0,1,articles-category-our-covenant-god-friend-husband-and-father-1
http://www.britishreformed.org/s/Our-Covenant-God2.pdf,Our-Covenant-God2.pdf,/home/workspace/1 Projects/brf2/scratch/phase-2/ws-2.4/downloads/Our-Covenant-God2.pdf,265546,200,0,1,articles-category-our-covenant-god-friend-husband-and-father-2
http://www.britishreformed.org/s/Issue-682-Our-Covenant-God3.pdf,Issue-682-Our-Covenant-God3.pdf,/home/workspace/1 Projects/brf2/scratch/phase-2/ws-2.4/downloads/Issue-682-Our-Covenant-God3.pdf,7531674,200,0,1,articles-category-our-covenant-god-friend-husband-and-father-3
http://www.britishreformed.org/s/Issue-694-Our-Covenant-God4.pdf,Issue-694-Our-Covenant-God4.pdf,/home/workspace/1 Projects/brf2/scratch/phase-2/ws-2.4/downloads/Issue-694-Our-Covenant-God4.pdf,10259305,200,0,1,articles-category-our-covenant-god-friend-husband-and-father-4
http://www.britishreformed.org/s/BRJ71pandemic.pdf,BRJ71pandemic.pdf,/home/workspace/1 Projects/brf2/scratch/phase-2/ws-2.4/downloads/BRJ71pandemic.pdf,281288,200,0,1,articles-category-pandemic-weariness
http://www.britishreformed.org/s/Issue-502-Personal-Reflection.pdf,Issue-502-Personal-Reflection.pdf,/home/workspace/1 Projects/brf2/scratch/phase-2/ws-2.4/downloads/Issue-502-Personal-Reflection.pdf,1653086,200,0,1,articles-category-personal-reflection-on-the-2008-brf-conference
http://www.britishreformed.org/s/Issue-347-Separate-Powers.pdf,Issue-347-Separate-Powers.pdf,/home/workspace/1 Projects/brf2/scratch/phase-2/ws-2.4/downloads/Issue-347-Separate-Powers.pdf,1998753,200,0,1,articles-category-separate-powers-and-complementary-ministries
http://www.britishreformed.org/s/Spiritual-Gifts.pdf,Spiritual-Gifts.pdf,/home/workspace/1 Projects/brf2/scratch/phase-2/ws-2.4/downloads/Spiritual-Gifts.pdf,246821,200,0,1,articles-category-spiritual-gifts
http://www.britishreformed.org/s/BRJ71belgicreview.pdf,BRJ71belgicreview.pdf,/home/workspace/1 Projects/brf2/scratch/phase-2/ws-2.4/downloads/BRJ71belgicreview.pdf,283797,200,0,1,articles-category-the-belgic-a-confession-of-the-gospel-in-all-its-riches
http://www.britishreformed.org/s/Issue395-TheControversy1-combined.pdf,Issue395-TheControversy1-combined.pdf,/home/workspace/1 Projects/brf2/scratch/phase-2/ws-2.4/downloads/Issue395-TheControversy1-combined.pdf,14619124,200,0,1,articles-category-the-controversy-over-exclusive-psalmody
http://www.britishreformed.org/s/Issue-481-Editorial.pdf,Issue-481-Editorial.pdf,/home/workspace/1 Projects/brf2/scratch/phase-2/ws-2.4/downloads/Issue-481-Editorial.pdf,4902281,200,0,1,articles-category-the-editorial-except-it-be-for-fornication
http://www.britishreformed.org/s/Issue-363-The-Image-of-God.pdf,Issue-363-The-Image-of-God.pdf,/home/workspace/1 Projects/brf2/scratch/phase-2/ws-2.4/downloads/Issue-363-The-Image-of-God.pdf,5859166,200,0,1,articles-category-the-image-of-god-in-man-a-reformed-reassessment-1
http://www.britishreformed.org/s/Issue-373-The-Image-of.pdf,Issue-373-The-Image-of.pdf,/home/workspace/1 Projects/brf2/scratch/phase-2/ws-2.4/downloads/Issue-373-The-Image-of.pdf,9267679,200,0,1,articles-category-the-image-of-god-in-man-a-reformed-reassessment-2
http://www.britishreformed.org/s/Issue-383-The-Image-of.pdf,Issue-383-The-Image-of.pdf,/home/workspace/1 Projects/brf2/scratch/phase-2/ws-2.4/downloads/Issue-383-The-Image-of.pdf,9510013,200,0,1,articles-category-the-image-of-god-in-man-a-reformed-reassessment-3
http://www.britishreformed.org/s/BRJ72offer.pdf,BRJ72offer.pdf,/home/workspace/1 Projects/brf2/scratch/phase-2/ws-2.4/downloads/BRJ72offer.pdf,418702,200,0,1,articles-category-the-offer-of-grace-in-the-westminster-standards
http://www.britishreformed.org/s/Issue-584-The-Resurrection-of-a.pdf,Issue-584-The-Resurrection-of-a.pdf,/home/workspace/1 Projects/brf2/scratch/phase-2/ws-2.4/downloads/Issue-584-The-Resurrection-of-a.pdf,14909280,200,0,1,articles-category-the-resurrection-of-a-french-heresy-joshua-de-la-places-denial-of-the-immediate-imputation-of-adams-sin-to-his-posterity-2
http://www.britishreformed.org/s/BRJ73marxolevianus.pdf,BRJ73marxolevianus.pdf,/home/workspace/1 Projects/brf2/scratch/phase-2/ws-2.4/downloads/BRJ73marxolevianus.pdf,363538,200,0,1,articles-category-two-men-from-trier-karl-marx-and-communism-and-caspar-olevianus-and-the-heidelberg-catechism
http://www.britishreformed.org/s/BRJ71unfoldingreview.pdf,BRJ71unfoldingreview.pdf,/home/workspace/1 Projects/brf2/scratch/phase-2/ws-2.4/downloads/BRJ71unfoldingreview.pdf,323865,200,0,1,articles-category-unfolding-covenant-history-volume-6-a-review
http://www.britishreformed.org/s/Issue-582-What-about-Israel-2.pdf,Issue-582-What-about-Israel-2.pdf,/home/workspace/1 Projects/brf2/scratch/phase-2/ws-2.4/downloads/Issue-582-What-about-Israel-2.pdf,7038157,200,0,1,articles-category-what-about-israel-2
http://www.britishreformed.org/s/fivepoints.pdf,fivepoints.pdf,/home/workspace/1 Projects/brf2/scratch/phase-2/ws-2.4/downloads/fivepoints.pdf,355010,200,0,1,books-a-pamphlets-books-the-five-points-of-calvinism
http://www.britishreformed.org/s/BRJ-07-July-Sept-1994-The-Free-Offer-Controversy.pdf,BRJ-07-July-Sept-1994-The-Free-Offer-Controversy.pdf,/home/workspace/1 Projects/brf2/scratch/phase-2/ws-2.4/downloads/BRJ-07-July-Sept-1994-The-Free-Offer-Controversy.pdf,364875,200,0,1,british-reformed-journal-issue-07-july-september-1994-the-qfree-offerq-controversy
http://www.britishreformed.org/s/brj01janmar93-06-calvinism-and-preaching01.pdf,brj01janmar93-06-calvinism-and-preaching01.pdf,/home/workspace/1 Projects/brf2/scratch/phase-2/ws-2.4/downloads/brj01janmar93-06-calvinism-and-preaching01.pdf,466800,200,0,1,british-reformed-journal-issue-1-january-march-1993-calvinism-and-preaching-1-total-depravity
http://www.britishreformed.org/s/brj01janmar93-05-who-was-john-calvin.pdf,brj01janmar93-05-who-was-john-calvin.pdf,/home/workspace/1 Projects/brf2/scratch/phase-2/ws-2.4/downloads/brj01janmar93-05-who-was-john-calvin.pdf,453935,200,0,1,british-reformed-journal-issue-1-january-march-1993-who-was-john-calvin
http://www.britishreformed.org/s/brj01janmar93-04-personal-reflections01.pdf,brj01janmar93-04-personal-reflections01.pdf,/home/workspace/1 Projects/brf2/scratch/phase-2/ws-2.4/downloads/brj01janmar93-04-personal-reflections01.pdf,655247,200,0,1,british-reformed-journal-issue-1-january-march-1993-why-another-reformed-journal-2
http://www.britishreformed.org/s/brj01janmar93-02-why-another-journal.pdf,brj01janmar93-02-why-another-journal.pdf,/home/workspace/1 Projects/brf2/scratch/phase-2/ws-2.4/downloads/brj01janmar93-02-why-another-journal.pdf,239128,200,0,1,british-reformed-journal-issue-1-january-march-1993-why-another-reformed-journal
http://www.britishreformed.org/s/brj02aprjune93-04-calvinism-and-preaching02-1.pdf,brj02aprjune93-04-calvinism-and-preaching02-1.pdf,/home/workspace/1 Projects/brf2/scratch/phase-2/ws-2.4/downloads/brj02aprjune93-04-calvinism-and-preaching02-1.pdf,445947,200,0,1,british-reformed-journal-issue-2-april-june-1993-calvinism-and-preaching-2-unconditional-election
http://www.britishreformed.org/s/brj02aprjune93-01-sin-and-its-consequences-jr3w.pdf,brj02aprjune93-01-sin-and-its-consequences-jr3w.pdf,/home/workspace/1 Projects/brf2/scratch/phase-2/ws-2.4/downloads/brj02aprjune93-01-sin-and-its-consequences-jr3w.pdf,221703,200,0,1,british-reformed-journal-issue-2-april-june-1993-sin-and-its-consequences
http://www.britishreformed.org/s/brj02aprjune93-06-development-of-covenant01.pdf,brj02aprjune93-06-development-of-covenant01.pdf,/home/workspace/1 Projects/brf2/scratch/phase-2/ws-2.4/downloads/brj02aprjune93-06-development-of-covenant01.pdf,724187,200,0,1,british-reformed-journal-issue-2-april-june-1993-the-development-of-the-covenant-of-grace-1-the-idea-of-the-covenant-1
http://www.britishreformed.org/s/brj02aprjune93-07-measbro-dyke.pdf,brj02aprjune93-07-measbro-dyke.pdf,/home/workspace/1 Projects/brf2/scratch/phase-2/ws-2.4/downloads/brj02aprjune93-07-measbro-dyke.pdf,471823,200,0,1,british-reformed-journal-issue-2-april-june-1993-the-work-of-the-measbro-dyke-congregation-in-barnsley
http://www.britishreformed.org/s/brj02aprjune93-05-wcf-chapter2-kae3.pdf,brj02aprjune93-05-wcf-chapter2-kae3.pdf,/home/workspace/1 Projects/brf2/scratch/phase-2/ws-2.4/downloads/brj02aprjune93-05-wcf-chapter2-kae3.pdf,635666,200,0,1,british-reformed-journal-issue-2-april-june-1993-westminster-confession-of-faith-ch-2-god-and-the-holy-trinity
http://www.britishreformed.org/s/brj02aprjune93-03-who-was-john-knox-8apj.pdf,brj02aprjune93-03-who-was-john-knox-8apj.pdf,/home/workspace/1 Projects/brf2/scratch/phase-2/ws-2.4/downloads/brj02aprjune93-03-who-was-john-knox-8apj.pdf,457074,200,0,1,british-reformed-journal-issue-2-april-june-1993-who-was-john-knox
https://cprc.co.uk/wp-content/uploads/2024/03/spanish_adoption.pdf,spanish_adoption.pdf,/home/workspace/1 Projects/brf2/scratch/phase-2/ws-2.4/downloads/spanish_adoption.pdf,455994,200,0,1,british-reformed-journal-issue-25-january-march-1999-adoption-a-theological-exposition-of-a-neglected-doctrine
http://www.britishreformed.org/s/brj03julysept93-06-calvin-weekly-sabbath01.pdf,brj03julysept93-06-calvin-weekly-sabbath01.pdf,/home/workspace/1 Projects/brf2/scratch/phase-2/ws-2.4/downloads/brj03julysept93-06-calvin-weekly-sabbath01.pdf,615560,200,0,1,british-reformed-journal-issue-3-july-september-1993-calvin-on-the-weekly-christian-sabbath-1
http://www.britishreformed.org/s/brj03julysept93-10-correspondence-69da.pdf,brj03julysept93-10-correspondence-69da.pdf,/home/workspace/1 Projects/brf2/scratch/phase-2/ws-2.4/downloads/brj03julysept93-10-correspondence-69da.pdf,348762,200,0,1,british-reformed-journal-issue-3-july-september-1993-correspondence-2
http://www.britishreformed.org/s/brj03julysept93-07-edgbaston-reformed-church.pdf,brj03julysept93-07-edgbaston-reformed-church.pdf,/home/workspace/1 Projects/brf2/scratch/phase-2/ws-2.4/downloads/brj03julysept93-07-edgbaston-reformed-church.pdf,248252,200,0,1,british-reformed-journal-issue-3-july-september-1993-edgbaston-reformed-church
http://www.britishreformed.org/s/brj03julysept93-09-forthcoming-events-gr2z.pdf,brj03julysept93-09-forthcoming-events-gr2z.pdf,/home/workspace/1 Projects/brf2/scratch/phase-2/ws-2.4/downloads/brj03julysept93-09-forthcoming-events-gr2z.pdf,128819,200,0,1,british-reformed-journal-issue-3-july-september-1993-forthcoming-events
http://www.britishreformed.org/s/brj03julysept93-05-bookreview-bkzr.pdf,brj03julysept93-05-bookreview-bkzr.pdf,/home/workspace/1 Projects/brf2/scratch/phase-2/ws-2.4/downloads/brj03julysept93-05-bookreview-bkzr.pdf,797777,200,0,1,british-reformed-journal-issue-3-july-september-1993-francis-turretin-institutes-of-elenctic-theology
http://www.britishreformed.org/s/brj03julysept93-08-halfday-convention-rhh8.pdf,brj03julysept93-08-halfday-convention-rhh8.pdf,/home/workspace/1 Projects/brf2/scratch/phase-2/ws-2.4/downloads/brj03julysept93-08-halfday-convention-rhh8.pdf,258753,200,0,1,british-reformed-journal-issue-3-july-september-1993-half-day-convention-in-lewes
http://www.britishreformed.org/s/brj03julysept93-01-robust-christianity-wp7j.pdf,brj03julysept93-01-robust-christianity-wp7j.pdf,/home/workspace/1 Projects/brf2/scratch/phase-2/ws-2.4/downloads/brj03julysept93-01-robust-christianity-wp7j.pdf,248459,200,0,1,british-reformed-journal-issue-3-july-september-1993-robust-christianity
http://www.britishreformed.org/s/brj03julysept93-04-development-of-covenant02-ccsc.pdf,brj03julysept93-04-development-of-covenant02-ccsc.pdf,/home/workspace/1 Projects/brf2/scratch/phase-2/ws-2.4/downloads/brj03julysept93-04-development-of-covenant02-ccsc.pdf,668730,200,0,1,british-reformed-journal-issue-3-july-september-1993-the-development-of-the-covenant-of-grace-2-the-idea-of-the-covenant-2
http://www.britishreformed.org/s/brj03julysept93-02-what-is-calvinism-lcew.pdf,brj03julysept93-02-what-is-calvinism-lcew.pdf,/home/workspace/1 Projects/brf2/scratch/phase-2/ws-2.4/downloads/brj03julysept93-02-what-is-calvinism-lcew.pdf,360120,200,0,1,british-reformed-journal-issue-3-july-september-1993-what-is-calvinism
https://cprc.co.uk/wp-content/uploads/2024/03/spanish_calvinvsdarwin.pdf,spanish_calvinvsdarwin.pdf,/home/workspace/1 Projects/brf2/scratch/phase-2/ws-2.4/downloads/spanish_calvinvsdarwin.pdf,553354,200,0,1,british-reformed-journal-issue-51-autumnwinter-2009-calvin-versus-darwin-anniversaries-origins-and-world-views-1
http://www.britishreformed.org/s/BRJ-10-Apr-June-1995-Man-as-Evangelised.pdf,BRJ-10-Apr-June-1995-Man-as-Evangelised.pdf,/home/workspace/1 Projects/brf2/scratch/phase-2/ws-2.4/downloads/BRJ-10-Apr-June-1995-Man-as-Evangelised.pdf,994664,200,0,1,category-08ujf2ok9h87mh5g7n2ixgwnv92lsw
http://www.britishreformed.org/s/BRF-Family-Holiday-Conference0001.pdf,BRF-Family-Holiday-Conference0001.pdf,/home/workspace/1 Projects/brf2/scratch/phase-2/ws-2.4/downloads/BRF-Family-Holiday-Conference0001.pdf,6884089,200,0,1,category-0k1h3d4fk6lbqz73ipvniuteo6mr4p
http://www.britishreformed.org/s/Correspondence0001-x677.pdf,Correspondence0001-x677.pdf,/home/workspace/1 Projects/brf2/scratch/phase-2/ws-2.4/downloads/Correspondence0001-x677.pdf,2326825,200,0,1,category-0mnpge2spk494o8hyg3tn7bm9porpe
http://www.britishreformed.org/s/Biblical-Theology-A-Review-and-Application.pdf,Biblical-Theology-A-Review-and-Application.pdf,/home/workspace/1 Projects/brf2/scratch/phase-2/ws-2.4/downloads/Biblical-Theology-A-Review-and-Application.pdf,4366166,200,0,1,category-2orjsxyeg1z3ihfoxt9vnvslvkouqf
http://www.britishreformed.org/s/John-Owen-Progressive-Presbyterianism0001.pdf,John-Owen-Progressive-Presbyterianism0001.pdf,/home/workspace/1 Projects/brf2/scratch/phase-2/ws-2.4/downloads/John-Owen-Progressive-Presbyterianism0001.pdf,7832361,200,0,1,category-653ygslazpszrscm1scz3mwm35dp5q
http://www.britishreformed.org/s/BRJ-10-Apr-June-1995-Correspondance.pdf,BRJ-10-Apr-June-1995-Correspondance.pdf,/home/workspace/1 Projects/brf2/scratch/phase-2/ws-2.4/downloads/BRJ-10-Apr-June-1995-Correspondance.pdf,487146,200,0,1,category-6cc16hm3h4xwixuf1qhubp3f671fo8
http://www.britishreformed.org/s/Northern-Irelands-New-Reformed-Church0001.pdf,Northern-Irelands-New-Reformed-Church0001.pdf,/home/workspace/1 Projects/brf2/scratch/phase-2/ws-2.4/downloads/Northern-Irelands-New-Reformed-Church0001.pdf,1642450,200,0,1,category-6ff5yqy0kw8zfu7bjjbt99flloh3f0
http://www.britishreformed.org/s/Presbyterianism-and-Independency0001.pdf,Presbyterianism-and-Independency0001.pdf,/home/workspace/1 Projects/brf2/scratch/phase-2/ws-2.4/downloads/Presbyterianism-and-Independency0001.pdf,12168949,200,0,1,category-6hq1ghoztkexr9yd79vjjdvxlbowpp
http://www.britishreformed.org/s/Issue-315-75-Years.pdf,Issue-315-75-Years.pdf,/home/workspace/1 Projects/brf2/scratch/phase-2/ws-2.4/downloads/Issue-315-75-Years.pdf,2482638,200,0,1,category-75-years-our-goodly-heritage-preserved
http://www.britishreformed.org/s/Does-God-Love-Everyone0001.pdf,Does-God-Love-Everyone0001.pdf,/home/workspace/1 Projects/brf2/scratch/phase-2/ws-2.4/downloads/Does-God-Love-Everyone0001.pdf,9409669,200,0,1,category-75ea3ze4uwp76f9e2zbfku3puzb4j9
http://www.britishreformed.org/s/Correspondence-A-Matter-of-Controversy0001.pdf,Correspondence-A-Matter-of-Controversy0001.pdf,/home/workspace/1 Projects/brf2/scratch/phase-2/ws-2.4/downloads/Correspondence-A-Matter-of-Controversy0001.pdf,5035718,200,0,1,category-95sznybjbpt8u723rlbgajeqinofpd
http://www.britishreformed.org/s/BRJ60trichotomy.pdf,BRJ60trichotomy.pdf,/home/workspace/1 Projects/brf2/scratch/phase-2/ws-2.4/downloads/BRJ60trichotomy.pdf,280250,200,0,1,category-a-critique-of-the-trichotomous-view-of-human-nature-1
http://www.britishreformed.org/s/BRJ61trichotomy.pdf,BRJ61trichotomy.pdf,/home/workspace/1 Projects/brf2/scratch/phase-2/ws-2.4/downloads/BRJ61trichotomy.pdf,255346,200,0,1,category-a-critique-of-the-trichotomous-view-of-human-nature-2
http://www.britishreformed.org/s/BRJ59preaching.pdf,BRJ59preaching.pdf,/home/workspace/1 Projects/brf2/scratch/phase-2/ws-2.4/downloads/BRJ59preaching.pdf,200818,200,0,1,category-a-definition-of-gospel-preaching-calvinistic-or-arminian
http://www.britishreformed.org/s/Issue-242-A-Matter-of-Concern.pdf,Issue-242-A-Matter-of-Concern.pdf,/home/workspace/1 Projects/brf2/scratch/phase-2/ws-2.4/downloads/Issue-242-A-Matter-of-Concern.pdf,4397924,200,0,1,category-a-matter-of-concern-1
http://www.britishreformed.org/s/Issue-252-A-Matter-of-Concern.pdf,Issue-252-A-Matter-of-Concern.pdf,/home/workspace/1 Projects/brf2/scratch/phase-2/ws-2.4/downloads/Issue-252-A-Matter-of-Concern.pdf,6989187,200,0,1,category-a-matter-of-concern-2
http://www.britishreformed.org/s/Issue-233-A-Matter-of-Concern.pdf,Issue-233-A-Matter-of-Concern.pdf,/home/workspace/1 Projects/brf2/scratch/phase-2/ws-2.4/downloads/Issue-233-A-Matter-of-Concern.pdf,8774738,200,0,1,category-a-matter-of-concern
http://www.britishreformed.org/s/Issue-321-A-Matter.pdf,Issue-321-A-Matter.pdf,/home/workspace/1 Projects/brf2/scratch/phase-2/ws-2.4/downloads/Issue-321-A-Matter.pdf,807742,200,0,1,category-a-matter-of-copyrights
http://www.britishreformed.org/s/BRJ-35-Autumn-2002-reformed-ecumenicity.pdf,BRJ-35-Autumn-2002-reformed-ecumenicity.pdf,/home/workspace/1 Projects/brf2/scratch/phase-2/ws-2.4/downloads/BRJ-35-Autumn-2002-reformed-ecumenicity.pdf,551083,200,0,1,category-a-special-essay-for-reformed-ecumenicity-a-covenantal-solution-to-controversy
http://www.britishreformed.org/s/BRJ-08-Oct-Dec-1994-Visit-to-Edinburgh.pdf,BRJ-08-Oct-Dec-1994-Visit-to-Edinburgh.pdf,/home/workspace/1 Projects/brf2/scratch/phase-2/ws-2.4/downloads/BRJ-08-Oct-Dec-1994-Visit-to-Edinburgh.pdf,991368,200,0,1,category-a-visit-to-edinburgh
http://www.britishreformed.org/s/Issue-322-A-Word-of.pdf,Issue-322-A-Word-of.pdf,/home/workspace/1 Projects/brf2/scratch/phase-2/ws-2.4/downloads/Issue-322-A-Word-of.pdf,1550710,200,0,1,category-a-word-of-appreciationrev-ron-hanko
http://www.britishreformed.org/s/BRJ55adultery.pdf,BRJ55adultery.pdf,/home/workspace/1 Projects/brf2/scratch/phase-2/ws-2.4/downloads/BRJ55adultery.pdf,179451,200,0,1,category-adultery-does-it-break-the-marriage-bond-3
http://www.britishreformed.org/s/Issue-217-Americas.pdf,Issue-217-Americas.pdf,/home/workspace/1 Projects/brf2/scratch/phase-2/ws-2.4/downloads/Issue-217-Americas.pdf,3370811,200,0,1,category-americas-declining-fundamentalism-a-critical-review
http://www.britishreformed.org/s/BRJ-09-Jan-Mar-1995-amyraldianism.pdf,BRJ-09-Jan-Mar-1995-amyraldianism.pdf,/home/workspace/1 Projects/brf2/scratch/phase-2/ws-2.4/downloads/BRJ-09-Jan-Mar-1995-amyraldianism.pdf,766949,200,0,1,category-amyrauldianism-historical-amp-contemporary
http://www.britishreformed.org/s/Issue-423-Anatomy-of.pdf,Issue-423-Anatomy-of.pdf,/home/workspace/1 Projects/brf2/scratch/phase-2/ws-2.4/downloads/Issue-423-Anatomy-of.pdf,10958889,200,0,1,category-anatomy-of-a-revival-3
http://www.britishreformed.org/s/Annual-General-Meeting-Secretary-Report-1.pdf,Annual-General-Meeting-Secretary-Report-1.pdf,/home/workspace/1 Projects/brf2/scratch/phase-2/ws-2.4/downloads/Annual-General-Meeting-Secretary-Report-1.pdf,922623,200,0,1,category-annual-general-meeting-report
http://www.britishreformed.org/s/brj04octdec93-02-apologetics-bkmf.pdf,brj04octdec93-02-apologetics-bkmf.pdf,/home/workspace/1 Projects/brf2/scratch/phase-2/ws-2.4/downloads/brj04octdec93-02-apologetics-bkmf.pdf,393134,200,0,1,category-apologetics
http://www.britishreformed.org/s/Issue-342-Are-You.pdf,Issue-342-Are-You.pdf,/home/workspace/1 Projects/brf2/scratch/phase-2/ws-2.4/downloads/Issue-342-Are-You.pdf,252759,200,0,1,category-are-you-an-active-member
http://www.britishreformed.org/s/BRJ-07-July-Sept-1994-Arminianism-Road-to-Rome.pdf,BRJ-07-July-Sept-1994-Arminianism-Road-to-Rome.pdf,/home/workspace/1 Projects/brf2/scratch/phase-2/ws-2.4/downloads/BRJ-07-July-Sept-1994-Arminianism-Road-to-Rome.pdf,988970,200,0,1,category-arminianism-the-road-to-rome
http://www.britishreformed.org/s/BRJ55assurance.pdf,BRJ55assurance.pdf,/home/workspace/1 Projects/brf2/scratch/phase-2/ws-2.4/downloads/BRJ55assurance.pdf,222532,200,0,1,category-assurance-and-good-works-in-the-three-forms-of-unity
http://www.britishreformed.org/s/BRJ64bannedbyET.pdf,BRJ64bannedbyET.pdf,/home/workspace/1 Projects/brf2/scratch/phase-2/ws-2.4/downloads/BRJ64bannedbyET.pdf,253267,200,0,1,category-banned-by-the-evangelical-times
http://www.britishreformed.org/s/BRJ-09-Jan-Mar-1995-baptism-mode-4.pdf,BRJ-09-Jan-Mar-1995-baptism-mode-4.pdf,/home/workspace/1 Projects/brf2/scratch/phase-2/ws-2.4/downloads/BRJ-09-Jan-Mar-1995-baptism-mode-4.pdf,331221,200,0,1,category-baptism-its-mode-4-acts-of-the-apostles
https://cprc.co.uk/wp-content/uploads/2024/08/portuguese_unionwithChristforeword.pdf,portuguese_unionwithChristforeword.pdf,/home/workspace/1 Projects/brf2/scratch/phase-2/ws-2.4/downloads/portuguese_unionwithChristforeword.pdf,86183,200,0,1,category-be-ye-holy-2g2e3-j4w2g
http://www.britishreformed.org/s/John-Kennedy-of-Dingwall0001.pdf,John-Kennedy-of-Dingwall0001.pdf,/home/workspace/1 Projects/brf2/scratch/phase-2/ws-2.4/downloads/John-Kennedy-of-Dingwall0001.pdf,6127788,200,0,1,category-bnurmsqki1i6yo3bzeolsjz5headtz
http://www.britishreformed.org/s/BRJ-08-Oct-Dec-1994-Book-Review-A-Watered-Garden.pdf,BRJ-08-Oct-Dec-1994-Book-Review-A-Watered-Garden.pdf,/home/workspace/1 Projects/brf2/scratch/phase-2/ws-2.4/downloads/BRJ-08-Oct-Dec-1994-Book-Review-A-Watered-Garden.pdf,905203,200,0,1,category-book-review-1
http://www.britishreformed.org/s/Issue-255-Book-Review.pdf,Issue-255-Book-Review.pdf,/home/workspace/1 Projects/brf2/scratch/phase-2/ws-2.4/downloads/Issue-255-Book-Review.pdf,5207669,200,0,1,category-book-review-2
http://www.britishreformed.org/s/Issue-306-Book-Review.pdf,Issue-306-Book-Review.pdf,/home/workspace/1 Projects/brf2/scratch/phase-2/ws-2.4/downloads/Issue-306-Book-Review.pdf,2098047,200,0,1,category-book-review-3
http://www.britishreformed.org/s/BRJ63joyunspeakable.pdf,BRJ63joyunspeakable.pdf,/home/workspace/1 Projects/brf2/scratch/phase-2/ws-2.4/downloads/BRJ63joyunspeakable.pdf,304385,200,0,1,category-book-review-article
http://www.britishreformed.org/s/BRJ56fvreview.pdf,BRJ56fvreview.pdf,/home/workspace/1 Projects/brf2/scratch/phase-2/ws-2.4/downloads/BRJ56fvreview.pdf,180374,200,0,1,category-book-review-federal-vision
http://www.britishreformed.org/s/BRJ76bookreview.pdf,BRJ76bookreview.pdf,/home/workspace/1 Projects/brf2/scratch/phase-2/ws-2.4/downloads/BRJ76bookreview.pdf,190583,200,0,1,category-book-review-god-is-impassible-and-impassioned
http://www.britishreformed.org/s/BRJ-09-Jan-Mar-1995-book-review-ks6d.pdf,BRJ-09-Jan-Mar-1995-book-review-ks6d.pdf,/home/workspace/1 Projects/brf2/scratch/phase-2/ws-2.4/downloads/BRJ-09-Jan-Mar-1995-book-review-ks6d.pdf,168839,200,0,1,category-book-review-nolans-inquiry-into-the-integrity-of-the-received-text
http://www.britishreformed.org/s/Issue-326-Book-Review.pdf,Issue-326-Book-Review.pdf,/home/workspace/1 Projects/brf2/scratch/phase-2/ws-2.4/downloads/Issue-326-Book-Review.pdf,4396499,200,0,1,category-book-review-portraits-of-faithful-saints
http://www.britishreformed.org/s/Issue-424-Book-Review.pdf,Issue-424-Book-Review.pdf,/home/workspace/1 Projects/brf2/scratch/phase-2/ws-2.4/downloads/Issue-424-Book-Review.pdf,2657608,200,0,1,category-book-review-the-reading-and-preaching-of-the-scriptures-vol5
http://www.britishreformed.org/s/BRJ61creedsreview.pdf,BRJ61creedsreview.pdf,/home/workspace/1 Projects/brf2/scratch/phase-2/ws-2.4/downloads/BRJ61creedsreview.pdf,221920,200,0,1,category-book-review
http://www.britishreformed.org/s/Issue226-BookReviews-5.pdf,Issue226-BookReviews-5.pdf,/home/workspace/1 Projects/brf2/scratch/phase-2/ws-2.4/downloads/Issue226-BookReviews-5.pdf,891519,200,0,1,category-book-reviews-1-g9nem
http://www.britishreformed.org/s/Issue-226-Book-Reviews.pdf,Issue-226-Book-Reviews.pdf,/home/workspace/1 Projects/brf2/scratch/phase-2/ws-2.4/downloads/Issue-226-Book-Reviews.pdf,4562771,200,0,1,category-book-reviews-1
http://www.britishreformed.org/s/Issue-265-Book-Reviews.pdf,Issue-265-Book-Reviews.pdf,/home/workspace/1 Projects/brf2/scratch/phase-2/ws-2.4/downloads/Issue-265-Book-Reviews.pdf,4167228,200,0,1,category-book-reviews-2
http://www.britishreformed.org/s/Issue276-BookReviews-2.pdf,Issue276-BookReviews-2.pdf,/home/workspace/1 Projects/brf2/scratch/phase-2/ws-2.4/downloads/Issue276-BookReviews-2.pdf,1901696,200,0,1,category-book-reviews-3-de9rl
http://www.britishreformed.org/s/Issue276-BookReviews-1.pdf,Issue276-BookReviews-1.pdf,/home/workspace/1 Projects/brf2/scratch/phase-2/ws-2.4/downloads/Issue276-BookReviews-1.pdf,1982704,200,0,1,category-book-reviews-3
http://www.britishreformed.org/s/BRJ-35-Autumn-2002-book-reviews.pdf,BRJ-35-Autumn-2002-book-reviews.pdf,/home/workspace/1 Projects/brf2/scratch/phase-2/ws-2.4/downloads/BRJ-35-Autumn-2002-book-reviews.pdf,416069,200,0,1,category-book-reviews-particular-grace-by-abraham-kuyper-amp-redeem-the-time-by-steve-griffiths
http://www.britishreformed.org/s/Copy-of-BRJ-05-Jan-Mar-1994-pages-7-pages-2.pdf,Copy-of-BRJ-05-Jan-Mar-1994-pages-7-pages-2.pdf,/home/workspace/1 Projects/brf2/scratch/phase-2/ws-2.4/downloads/Copy-of-BRJ-05-Jan-Mar-1994-pages-7-pages-2.pdf,983272,200,0,1,category-book-reviews
http://www.britishreformed.org/s/Copy-of-BRJ-05-Jan-Mar-1994-pages-7.pdf,Copy-of-BRJ-05-Jan-Mar-1994-pages-7.pdf,/home/workspace/1 Projects/brf2/scratch/phase-2/ws-2.4/downloads/Copy-of-BRJ-05-Jan-Mar-1994-pages-7.pdf,1162714,200,0,1,category-british-reformed-fellowship-family-conferences
http://www.britishreformed.org/s/Correspondence-oq29.pdf,Correspondence-oq29.pdf,/home/workspace/1 Projects/brf2/scratch/phase-2/ws-2.4/downloads/Correspondence-oq29.pdf,1369179,200,0,1,category-c
http://www.britishreformed.org/s/brj04octdec93-06-calvin-weekly-sabbath02-s482.pdf,brj04octdec93-06-calvin-weekly-sabbath02-s482.pdf,/home/workspace/1 Projects/brf2/scratch/phase-2/ws-2.4/downloads/brj04octdec93-06-calvin-weekly-sabbath02-s482.pdf,457908,200,0,1,category-calvin-on-the-weekly-sabbath-2
http://www.britishreformed.org/s/brj04octdec93-07-calvinism-and-preaching03-52e5.pdf,brj04octdec93-07-calvinism-and-preaching03-52e5.pdf,/home/workspace/1 Projects/brf2/scratch/phase-2/ws-2.4/downloads/brj04octdec93-07-calvinism-and-preaching03-52e5.pdf,400777,200,0,1,category-calvinism-and-preaching-3-limited-atonement
http://www.britishreformed.org/s/Copy-of-BRJ-05-Jan-Mar-1994-pages-5.pdf,Copy-of-BRJ-05-Jan-Mar-1994-pages-5.pdf,/home/workspace/1 Projects/brf2/scratch/phase-2/ws-2.4/downloads/Copy-of-BRJ-05-Jan-Mar-1994-pages-5.pdf,1000789,200,0,1,category-calvinism-and-preaching-4-irresistible-grace
http://www.britishreformed.org/s/BRJ-06-Apr-June-1994-calvinism-and-preaching.pdf,BRJ-06-Apr-June-1994-calvinism-and-preaching.pdf,/home/workspace/1 Projects/brf2/scratch/phase-2/ws-2.4/downloads/BRJ-06-Apr-June-1994-calvinism-and-preaching.pdf,318048,200,0,1,category-calvinism-and-preaching-5-perseverance-of-the-saints
http://www.britishreformed.org/s/Issue-244-Castlewellan-1998.pdf,Issue-244-Castlewellan-1998.pdf,/home/workspace/1 Projects/brf2/scratch/phase-2/ws-2.4/downloads/Issue-244-Castlewellan-1998.pdf,7150273,200,0,1,category-castlewellan-1998-brf-conference-report
http://www.britishreformed.org/s/Issue-313-Cefn-Lea.pdf,Issue-313-Cefn-Lea.pdf,/home/workspace/1 Projects/brf2/scratch/phase-2/ws-2.4/downloads/Issue-313-Cefn-Lea.pdf,6126150,200,0,1,category-cefn-lea-wales-brf-conference-2000-report
http://www.britishreformed.org/s/Issue-343-Chairmans-Remarks.pdf,Issue-343-Chairmans-Remarks.pdf,/home/workspace/1 Projects/brf2/scratch/phase-2/ws-2.4/downloads/Issue-343-Chairmans-Remarks.pdf,1182710,200,0,1,category-chairmans-remarks-1
http://www.britishreformed.org/s/BRJ-35-Autumn-2002-charimans-remarks.pdf,BRJ-35-Autumn-2002-charimans-remarks.pdf,/home/workspace/1 Projects/brf2/scratch/phase-2/ws-2.4/downloads/BRJ-35-Autumn-2002-charimans-remarks.pdf,130344,200,0,1,category-chairmans-remarks-3
http://www.britishreformed.org/s/brj04octdec93-04-children-church-and-lordsday-kztf.pdf,brj04octdec93-04-children-church-and-lordsday-kztf.pdf,/home/workspace/1 Projects/brf2/scratch/phase-2/ws-2.4/downloads/brj04octdec93-04-children-church-and-lordsday-kztf.pdf,559410,200,0,1,category-children-church-and-the-lords-day
http://www.britishreformed.org/s/Churches-of-a-Locality0001.pdf,Churches-of-a-Locality0001.pdf,/home/workspace/1 Projects/brf2/scratch/phase-2/ws-2.4/downloads/Churches-of-a-Locality0001.pdf,5710081,200,0,1,category-churche
http://www.britishreformed.org/s/Issue-304-Circumcision.pdf,Issue-304-Circumcision.pdf,/home/workspace/1 Projects/brf2/scratch/phase-2/ws-2.4/downloads/Issue-304-Circumcision.pdf,4647890,200,0,1,category-circumcision-initiatory-rite-of-the-ot-church
http://www.britishreformed.org/s/BRJ60opentheism.pdf,BRJ60opentheism.pdf,/home/workspace/1 Projects/brf2/scratch/phase-2/ws-2.4/downloads/BRJ60opentheism.pdf,326081,200,0,1,category-closing-the-door-on-open-theism-1-omniscience-versus-predictability
http://www.britishreformed.org/s/BRJ61opentheism.pdf,BRJ61opentheism.pdf,/home/workspace/1 Projects/brf2/scratch/phase-2/ws-2.4/downloads/BRJ61opentheism.pdf,299216,200,0,1,category-closing-the-door-on-open-theism-open-theisms-assault-on-the-attributes-of-god-2
http://www.britishreformed.org/s/BRJ62opentheism.pdf,BRJ62opentheism.pdf,/home/workspace/1 Projects/brf2/scratch/phase-2/ws-2.4/downloads/BRJ62opentheism.pdf,299713,200,0,1,category-closing-the-door-on-open-theism-open-theisms-assault-on-the-attributes-of-god-3
http://www.britishreformed.org/s/BRJ75cgchristianinstitute.pdf,BRJ75cgchristianinstitute.pdf,/home/workspace/1 Projects/brf2/scratch/phase-2/ws-2.4/downloads/BRJ75cgchristianinstitute.pdf,132327,200,0,1,category-common-grace-and-the-christian-institute
http://www.britishreformed.org/s/BRJ-06-Apr-June-1994-coping.pdf,BRJ-06-Apr-June-1994-coping.pdf,/home/workspace/1 Projects/brf2/scratch/phase-2/ws-2.4/downloads/BRJ-06-Apr-June-1994-coping.pdf,218708,200,0,1,category-coping-in-times-of-spiritual-declension
http://www.britishreformed.org/s/Copy-of-BRJ-05-Jan-Mar-1994-pages-8.pdf,Copy-of-BRJ-05-Jan-Mar-1994-pages-8.pdf,/home/workspace/1 Projects/brf2/scratch/phase-2/ws-2.4/downloads/Copy-of-BRJ-05-Jan-Mar-1994-pages-8.pdf,848106,200,0,1,category-correspondence-1
http://www.britishreformed.org/s/BRJ-06-Apr-June-1994-correspondance.pdf,BRJ-06-Apr-June-1994-correspondance.pdf,/home/workspace/1 Projects/brf2/scratch/phase-2/ws-2.4/downloads/BRJ-06-Apr-June-1994-correspondance.pdf,277022,200,0,1,category-correspondence-2
http://www.britishreformed.org/s/BRJ-07-July-Sept-1994-Correspondence.pdf,BRJ-07-July-Sept-1994-Correspondence.pdf,/home/workspace/1 Projects/brf2/scratch/phase-2/ws-2.4/downloads/BRJ-07-July-Sept-1994-Correspondence.pdf,837855,200,0,1,category-correspondence-3
http://www.britishreformed.org/s/BRJ-08-Oct-Dec-1994-Correspondence.pdf,BRJ-08-Oct-Dec-1994-Correspondence.pdf,/home/workspace/1 Projects/brf2/scratch/phase-2/ws-2.4/downloads/BRJ-08-Oct-Dec-1994-Correspondence.pdf,852431,200,0,1,category-correspondence-4
http://www.britishreformed.org/s/BRJ-09-Jan-Mar-1995-correspondence.pdf,BRJ-09-Jan-Mar-1995-correspondence.pdf,/home/workspace/1 Projects/brf2/scratch/phase-2/ws-2.4/downloads/BRJ-09-Jan-Mar-1995-correspondence.pdf,365749,200,0,1,category-correspondence-5
http://www.britishreformed.org/s/BRJ76correspondence.pdf,BRJ76correspondence.pdf,/home/workspace/1 Projects/brf2/scratch/phase-2/ws-2.4/downloads/BRJ76correspondence.pdf,147459,200,0,1,category-correspondence-christian-institute-remembering-thirty-years-brj
http://www.britishreformed.org/s/BRJ-20-Oct-Dec-1997-pages-6-correspondance.pdf,BRJ-20-Oct-Dec-1997-pages-6-correspondance.pdf,/home/workspace/1 Projects/brf2/scratch/phase-2/ws-2.4/downloads/BRJ-20-Oct-Dec-1997-pages-6-correspondance.pdf,1268656,200,0,1,category-correspondence-gods-tender-mercies-continued
http://www.britishreformed.org/s/Issue-215-Correspondence.pdf,Issue-215-Correspondence.pdf,/home/workspace/1 Projects/brf2/scratch/phase-2/ws-2.4/downloads/Issue-215-Correspondence.pdf,4216408,200,0,1,category-correspondence-those-hebrew-vowel-points-again
http://www.britishreformed.org/s/brj04octdec93-10-correspondence-cldt.pdf,brj04octdec93-10-correspondence-cldt.pdf,/home/workspace/1 Projects/brf2/scratch/phase-2/ws-2.4/downloads/brj04octdec93-10-correspondence-cldt.pdf,240592,200,0,1,category-correspondence
http://www.britishreformed.org/s/BRJ-20-Oct-Dec-1997-pages-4-de-regulation-of-regulative-principle.pdf,BRJ-20-Oct-Dec-1997-pages-4-de-regulation-of-regulative-principle.pdf,/home/workspace/1 Projects/brf2/scratch/phase-2/ws-2.4/downloads/BRJ-20-Oct-Dec-1997-pages-4-de-regulation-of-regulative-principle.pdf,1821486,200,0,1,category-critical-review-of-worship-in-spirit-and-truth-john-frame-the-de-regulation-of-the-regulative-principle
http://www.britishreformed.org/s/BRJ59carson-1.pdf,BRJ59carson-1.pdf,/home/workspace/1 Projects/brf2/scratch/phase-2/ws-2.4/downloads/BRJ59carson-1.pdf,309744,200,0,1,category-d-a-carsons-difficult-doctrine-of-the-love-of-god
http://www.britishreformed.org/s/Book-Review-Saved-by-Grace0001.pdf,Book-Review-Saved-by-Grace0001.pdf,/home/workspace/1 Projects/brf2/scratch/phase-2/ws-2.4/downloads/Book-Review-Saved-by-Grace0001.pdf,1458432,200,0,1,category-d1j0j6wblcdafxbja7pcn9pv90ymwp
http://www.britishreformed.org/s/Issue-246-Decline-of-Reformation.pdf,Issue-246-Decline-of-Reformation.pdf,/home/workspace/1 Projects/brf2/scratch/phase-2/ws-2.4/downloads/Issue-246-Decline-of-Reformation.pdf,7700702,200,0,1,category-decline-of-reformation-calvinism-in-19th-cent-scotland-part-3-rearguard
http://www.britishreformed.org/s/Issue-254-Decline-of-Reformation.pdf,Issue-254-Decline-of-Reformation.pdf,/home/workspace/1 Projects/brf2/scratch/phase-2/ws-2.4/downloads/Issue-254-Decline-of-Reformation.pdf,5808973,200,0,1,category-decline-of-reformation-calvinism-in-19th-cent-scotland-part-4-watchmen-and-watchword
http://www.britishreformed.org/s/Issue-232-Decline-of-Reformation.pdf,Issue-232-Decline-of-Reformation.pdf,/home/workspace/1 Projects/brf2/scratch/phase-2/ws-2.4/downloads/Issue-232-Decline-of-Reformation.pdf,9696241,200,0,1,category-decline-of-reformation-calvinism-in-19th-cent-scotland-part-two-the-serpent-cometh-hath-god-said
http://www.britishreformed.org/s/Issue-223-Decline-of-Reformation.pdf,Issue-223-Decline-of-Reformation.pdf,/home/workspace/1 Projects/brf2/scratch/phase-2/ws-2.4/downloads/Issue-223-Decline-of-Reformation.pdf,8964910,200,0,1,category-decline-of-reformation-calvinism-in-19th-cent-scotland
http://www.britishreformed.org/s/BRJ-07-July-Sept-1994-Development-of-Reformation-under-Zwingli-2.pdf,BRJ-07-July-Sept-1994-Development-of-Reformation-under-Zwingli-2.pdf,/home/workspace/1 Projects/brf2/scratch/phase-2/ws-2.4/downloads/BRJ-07-July-Sept-1994-Development-of-Reformation-under-Zwingli-2.pdf,1112331,200,0,1,category-development-of-the-reformation-under-zwingli-and-a-discussion-of-his-teaching-on-the-lords-supper-2
http://www.britishreformed.org/s/BRJ-06-Apr-June-1994-development-of-the-reformation.pdf,BRJ-06-Apr-June-1994-development-of-the-reformation.pdf,/home/workspace/1 Projects/brf2/scratch/phase-2/ws-2.4/downloads/BRJ-06-Apr-June-1994-development-of-the-reformation.pdf,456912,200,0,1,category-development-of-the-reformation-under-zwingli-and-a-discussion-of-his-teaching-on-the-lords-supper
http://www.britishreformed.org/s/brj04octdec93-05-distinctives04-jmhn.pdf,brj04octdec93-05-distinctives04-jmhn.pdf,/home/workspace/1 Projects/brf2/scratch/phase-2/ws-2.4/downloads/brj04octdec93-05-distinctives04-jmhn.pdf,420781,200,0,1,category-distinctives-of-the-reformed-faith-as-emphasised-by-the-british-reformed-fellowship
http://www.britishreformed.org/s/BRJ-35-Autumn-2002-broccoli-in-my-teeth.pdf,BRJ-35-Autumn-2002-broccoli-in-my-teeth.pdf,/home/workspace/1 Projects/brf2/scratch/phase-2/ws-2.4/downloads/BRJ-35-Autumn-2002-broccoli-in-my-teeth.pdf,272371,200,0,1,category-do-i-have-broccoli-in-my-teeth
http://www.britishreformed.org/s/Does-God-Love-Everyone.pdf,Does-God-Love-Everyone.pdf,/home/workspace/1 Projects/brf2/scratch/phase-2/ws-2.4/downloads/Does-God-Love-Everyone.pdf,4562685,200,0,1,category-do
http://www.britishreformed.org/s/Issue-281-Dordrecht.pdf,Issue-281-Dordrecht.pdf,/home/workspace/1 Projects/brf2/scratch/phase-2/ws-2.4/downloads/Issue-281-Dordrecht.pdf,1899574,200,0,1,category-dordrecht-fortress-of-the-canons
http://www.britishreformed.org/s/Issue-251-Edited-Half-Away.pdf,Issue-251-Edited-Half-Away.pdf,/home/workspace/1 Projects/brf2/scratch/phase-2/ws-2.4/downloads/Issue-251-Edited-Half-Away.pdf,4616102,200,0,1,category-edited-half-away
http://www.britishreformed.org/s/Issue-221-Editorial.pdf,Issue-221-Editorial.pdf,/home/workspace/1 Projects/brf2/scratch/phase-2/ws-2.4/downloads/Issue-221-Editorial.pdf,605820,200,0,1,category-editorial-1
http://www.britishreformed.org/s/BRJ-35-Autumn-2002-editorial.pdf,BRJ-35-Autumn-2002-editorial.pdf,/home/workspace/1 Projects/brf2/scratch/phase-2/ws-2.4/downloads/BRJ-35-Autumn-2002-editorial.pdf,130851,200,0,1,category-editorial-2
http://www.britishreformed.org/s/Issue-571-Editorial.pdf,Issue-571-Editorial.pdf,/home/workspace/1 Projects/brf2/scratch/phase-2/ws-2.4/downloads/Issue-571-Editorial.pdf,3929176,200,0,1,category-editorial-a-double-minded-god-unstable-in-all-his-ways
http://www.britishreformed.org/s/BRJ59hypercalvinism.pdf,BRJ59hypercalvinism.pdf,/home/workspace/1 Projects/brf2/scratch/phase-2/ws-2.4/downloads/BRJ59hypercalvinism.pdf,232194,200,0,1,category-editorial-hyper-calvinist-1
http://www.britishreformed.org/s/BRJ60Editorial.pdf,BRJ60Editorial.pdf,/home/workspace/1 Projects/brf2/scratch/phase-2/ws-2.4/downloads/BRJ60Editorial.pdf,277791,200,0,1,category-editorial-hyper-calvinist-2
http://www.britishreformed.org/s/BRJ61editorial.pdf,BRJ61editorial.pdf,/home/workspace/1 Projects/brf2/scratch/phase-2/ws-2.4/downloads/BRJ61editorial.pdf,242145,200,0,1,category-editorial-hyper-calvinist-3
http://www.britishreformed.org/s/BRJ62editorial.pdf,BRJ62editorial.pdf,/home/workspace/1 Projects/brf2/scratch/phase-2/ws-2.4/downloads/BRJ62editorial.pdf,238248,200,0,1,category-editorial-hyper-calvinist-4
http://www.britishreformed.org/s/BRJ63hypercalvinist.pdf,BRJ63hypercalvinist.pdf,/home/workspace/1 Projects/brf2/scratch/phase-2/ws-2.4/downloads/BRJ63hypercalvinist.pdf,255431,200,0,1,category-editorial-hyper-calvinist-5
http://www.britishreformed.org/s/BRJ64hypercalvinist6.pdf,BRJ64hypercalvinist6.pdf,/home/workspace/1 Projects/brf2/scratch/phase-2/ws-2.4/downloads/BRJ64hypercalvinist6.pdf,272314,200,0,1,category-editorial-hyper-calvinist-6
http://www.britishreformed.org/s/BRJ73Editorial.pdf,BRJ73Editorial.pdf,/home/workspace/1 Projects/brf2/scratch/phase-2/ws-2.4/downloads/BRJ73Editorial.pdf,312037,200,0,1,category-editorial-its-too-complicated
http://www.britishreformed.org/s/BRJ75moreloving1.pdf,BRJ75moreloving1.pdf,/home/workspace/1 Projects/brf2/scratch/phase-2/ws-2.4/downloads/BRJ75moreloving1.pdf,149009,200,0,1,category-editorial-more-loving-than-god-1
http://www.britishreformed.org/s/BRJ76moreloving2.pdf,BRJ76moreloving2.pdf,/home/workspace/1 Projects/brf2/scratch/phase-2/ws-2.4/downloads/BRJ76moreloving2.pdf,175371,200,0,1,category-editorial-more-loving-than-god-2
http://www.britishreformed.org/s/BRJ77moreloving3.pdf,BRJ77moreloving3.pdf,/home/workspace/1 Projects/brf2/scratch/phase-2/ws-2.4/downloads/BRJ77moreloving3.pdf,162914,200,0,1,category-editorial-more-loving-than-god-3
http://www.britishreformed.org/s/Issue-421-Editorial.pdf,Issue-421-Editorial.pdf,/home/workspace/1 Projects/brf2/scratch/phase-2/ws-2.4/downloads/Issue-421-Editorial.pdf,6800697,200,0,1,category-editorial-more-on-baptism-3
http://www.britishreformed.org/s/Issue-371-Editorial.pdf,Issue-371-Editorial.pdf,/home/workspace/1 Projects/brf2/scratch/phase-2/ws-2.4/downloads/Issue-371-Editorial.pdf,4528429,200,0,1,category-editorial-righteous-by-faith-alone
http://www.britishreformed.org/s/BRJ74editorial.pdf,BRJ74editorial.pdf,/home/workspace/1 Projects/brf2/scratch/phase-2/ws-2.4/downloads/BRJ74editorial.pdf,137502,200,0,1,category-editorial-the-exceeding-greatness-of-gods-power-to-believers
http://www.britishreformed.org/s/BRJ-09-Jan-Mar-1995-fight-for-reformed-faith.pdf,BRJ-09-Jan-Mar-1995-fight-for-reformed-faith.pdf,/home/workspace/1 Projects/brf2/scratch/phase-2/ws-2.4/downloads/BRJ-09-Jan-Mar-1995-fight-for-reformed-faith.pdf,1109559,200,0,1,category-editorial-the-fight-for-the-reformed-faith
http://www.britishreformed.org/s/Editorial0001.pdf,Editorial0001.pdf,/home/workspace/1 Projects/brf2/scratch/phase-2/ws-2.4/downloads/Editorial0001.pdf,1001860,200,0,1,category-editorial
http://www.britishreformed.org/s/BRJ-10-Apr-June-1995-Book-Review-Scent-from-Heaven.pdf,BRJ-10-Apr-June-1995-Book-Review-Scent-from-Heaven.pdf,/home/workspace/1 Projects/brf2/scratch/phase-2/ws-2.4/downloads/BRJ-10-Apr-June-1995-Book-Review-Scent-from-Heaven.pdf,150944,200,0,1,category-ekbrfry3tccxogw4i7l6e3drposedk
http://www.britishreformed.org/s/BRJ60evangelicalism.pdf,BRJ60evangelicalism.pdf,/home/workspace/1 Projects/brf2/scratch/phase-2/ws-2.4/downloads/BRJ60evangelicalism.pdf,254839,200,0,1,category-evangelicalism-the-new-roman-catholicism
http://www.britishreformed.org/s/Issue-222-Evangelism.pdf,Issue-222-Evangelism.pdf,/home/workspace/1 Projects/brf2/scratch/phase-2/ws-2.4/downloads/Issue-222-Evangelism.pdf,9891186,200,0,1,category-evangelism-a-reformed-debate
http://www.britishreformed.org/s/BRJ-08-Oct-Dec-1994-Family-Holiday-Conference-PICTURES.pdf,BRJ-08-Oct-Dec-1994-Family-Holiday-Conference-PICTURES.pdf,/home/workspace/1 Projects/brf2/scratch/phase-2/ws-2.4/downloads/BRJ-08-Oct-Dec-1994-Family-Holiday-Conference-PICTURES.pdf,592470,200,0,1,category-family-holiday-conference-at-galashiels-in-scotland
http://www.britishreformed.org/s/Forum-Response-John-Own-Re-Presbyterianised0001.pdf,Forum-Response-John-Own-Re-Presbyterianised0001.pdf,/home/workspace/1 Projects/brf2/scratch/phase-2/ws-2.4/downloads/Forum-Response-John-Own-Re-Presbyterianised0001.pdf,4135127,200,0,1,category-for
http://www.britishreformed.org/s/John-Owen-RePresbyterianized0001.pdf,John-Owen-RePresbyterianized0001.pdf,/home/workspace/1 Projects/brf2/scratch/phase-2/ws-2.4/downloads/John-Owen-RePresbyterianized0001.pdf,6432525,200,0,1,category-forum-1
http://www.britishreformed.org/s/Issue-275-Forum-Cornelius-Van-Til.pdf,Issue-275-Forum-Cornelius-Van-Til.pdf,/home/workspace/1 Projects/brf2/scratch/phase-2/ws-2.4/downloads/Issue-275-Forum-Cornelius-Van-Til.pdf,9142752,200,0,1,category-forum-cornelius-van-til-paradox-amp-contradictions
http://www.britishreformed.org/s/Issue-225-Forum.pdf,Issue-225-Forum.pdf,/home/workspace/1 Projects/brf2/scratch/phase-2/ws-2.4/downloads/Issue-225-Forum.pdf,3289137,200,0,1,category-forum-god-directly-at-work-graciously-in-the-reprobate
http://www.britishreformed.org/s/Issue-245-FORUM.pdf,Issue-245-FORUM.pdf,/home/workspace/1 Projects/brf2/scratch/phase-2/ws-2.4/downloads/Issue-245-FORUM.pdf,8224362,200,0,1,category-forum-more-on-process-theology-amp-the-absolute-god
http://www.britishreformed.org/s/Issue-234-Forum-Process-Theology.pdf,Issue-234-Forum-Process-Theology.pdf,/home/workspace/1 Projects/brf2/scratch/phase-2/ws-2.4/downloads/Issue-234-Forum-Process-Theology.pdf,5751521,200,0,1,category-forum-process-theology-amp-the-absolute-god
http://www.britishreformed.org/s/John-Owen-RePresbyterianized0001-ex7d.pdf,John-Owen-RePresbyterianized0001-ex7d.pdf,/home/workspace/1 Projects/brf2/scratch/phase-2/ws-2.4/downloads/John-Owen-RePresbyterianized0001-ex7d.pdf,3655514,200,0,1,category-forum-response
http://www.britishreformed.org/s/Issue-216-Forum.pdf,Issue-216-Forum.pdf,/home/workspace/1 Projects/brf2/scratch/phase-2/ws-2.4/downloads/Issue-216-Forum.pdf,4449450,200,0,1,category-forum-the-lord-blessing-the-infants
http://www.britishreformed.org/s/Forum.pdf,Forum.pdf,/home/workspace/1 Projects/brf2/scratch/phase-2/ws-2.4/downloads/Forum.pdf,2954043,200,0,1,category-forum
http://www.britishreformed.org/s/BRJ-08-Oct-Dec-1994-Further-Objections-to-Free-Offer.pdf,BRJ-08-Oct-Dec-1994-Further-Objections-to-Free-Offer.pdf,/home/workspace/1 Projects/brf2/scratch/phase-2/ws-2.4/downloads/BRJ-08-Oct-Dec-1994-Further-Objections-to-Free-Offer.pdf,1035922,200,0,1,category-further-objections-to-the-free-offer
http://www.britishreformed.org/s/BRJ75promisedemands.pdf,BRJ75promisedemands.pdf,/home/workspace/1 Projects/brf2/scratch/phase-2/ws-2.4/downloads/BRJ75promisedemands.pdf,148805,200,0,1,category-gods-promise-demands-infant-baptism
http://www.britishreformed.org/s/BRJ77savingwill1.pdf,BRJ77savingwill1.pdf,/home/workspace/1 Projects/brf2/scratch/phase-2/ws-2.4/downloads/BRJ77savingwill1.pdf,217745,200,0,1,category-gods-saving-will-in-the-new-testament-1
http://www.britishreformed.org/s/BRJ55editorial.pdf,BRJ55editorial.pdf,/home/workspace/1 Projects/brf2/scratch/phase-2/ws-2.4/downloads/BRJ55editorial.pdf,179208,200,0,1,category-guest-editorial
http://www.britishreformed.org/s/brj04octdec93-08-halfday-convention-ad4n.pdf,brj04octdec93-08-halfday-convention-ad4n.pdf,/home/workspace/1 Projects/brf2/scratch/phase-2/ws-2.4/downloads/brj04octdec93-08-halfday-convention-ad4n.pdf,333408,200,0,1,category-half-day-convention-in-morley-on-18th-september
http://www.britishreformed.org/s/BRJ55membership.pdf,BRJ55membership.pdf,/home/workspace/1 Projects/brf2/scratch/phase-2/ws-2.4/downloads/BRJ55membership.pdf,191646,200,0,1,category-harold-camping-refuted-the-necessity-of-membership-in-the-church-institute-2
http://www.britishreformed.org/s/BRJ56housechurch.pdf,BRJ56housechurch.pdf,/home/workspace/1 Projects/brf2/scratch/phase-2/ws-2.4/downloads/BRJ56housechurch.pdf,256008,200,0,1,category-house-churchism-an-ecclesiastical-panacea-or-poison-1
http://www.cprf.co.uk/languages/dutch_baptismkimmitt.pdf,dutch_baptismkimmitt.pdf,/home/workspace/1 Projects/brf2/scratch/phase-2/ws-2.4/downloads/dutch_baptismkimmitt.pdf,0,404,1349,1,books-a-pamphlets-pamphlets-baptism-meaning-mode-a-subject
http://www.britishreformed.org/s/BRJ76housechurchism4.pdf,BRJ76housechurchism4.pdf,/home/workspace/1 Projects/brf2/scratch/phase-2/ws-2.4/downloads/BRJ76housechurchism4.pdf,166844,200,1415,1,category-house-churchism-an-ecclesiastical-panacea-or-poison-4
http://www.britishreformed.org/s/brj04octdec93-01-human-responsibility-lr4n.pdf,brj04octdec93-01-human-responsibility-lr4n.pdf,/home/workspace/1 Projects/brf2/scratch/phase-2/ws-2.4/downloads/brj04octdec93-01-human-responsibility-lr4n.pdf,177906,200,1684,1,category-human-responsibility
http://www.britishreformed.org/s/Hung-All-Around-With-Massive-Calvinistic-Armor.pdf,Hung-All-Around-With-Massive-Calvinistic-Armor.pdf,/home/workspace/1 Projects/brf2/scratch/phase-2/ws-2.4/downloads/Hung-All-Around-With-Massive-Calvinistic-Armor.pdf,9216975,200,1826,1,category-hung
http://www.britishreformed.org/s/Book-Review-Revival-and-Revivalism0001.pdf,Book-Review-Revival-and-Revivalism0001.pdf,/home/workspace/1 Projects/brf2/scratch/phase-2/ws-2.4/downloads/Book-Review-Revival-and-Revivalism0001.pdf,575418,200,1699,1,category-i1r2g87t7t53dl64wniu6ir8gumh4w
http://www.britishreformed.org/s/The-Place-of-the-Confession-in-the-Local-Church0001.pdf,The-Place-of-the-Confession-in-the-Local-Church0001.pdf,/home/workspace/1 Projects/brf2/scratch/phase-2/ws-2.4/downloads/The-Place-of-the-Confession-in-the-Local-Church0001.pdf,5928935,200,2844,1,category-i5i3jx4p73t3no0l68tee6usqk7rbh
http://www.britishreformed.org/s/Issue-305-Immersionism.pdf,Issue-305-Immersionism.pdf,/home/workspace/1 Projects/brf2/scratch/phase-2/ws-2.4/downloads/Issue-305-Immersionism.pdf,3197460,200,1581,1,category-immersionism-not-a-biblical-dogma
http://www.britishreformed.org/s/Jesus-the-Messiah-as-Prophesied-by-Moses0001.pdf,Jesus-the-Messiah-as-Prophesied-by-Moses0001.pdf,/home/workspace/1 Projects/brf2/scratch/phase-2/ws-2.4/downloads/Jesus-the-Messiah-as-Prophesied-by-Moses0001.pdf,5015537,200,1546,1,category-jesus-the-messiah-as-prophesied-by-moses
http://www.britishreformed.org/s/Issue-243-In-Defence-of.pdf,Issue-243-In-Defence-of.pdf,/home/workspace/1 Projects/brf2/scratch/phase-2/ws-2.4/downloads/Issue-243-In-Defence-of.pdf,5131548,200,2011,1,category-in-defence-of-our-reformed-heritage
http://www.britishreformed.org/s/Copy-of-BRJ-05-Jan-Mar-1994-pages-6.pdf,Copy-of-BRJ-05-Jan-Mar-1994-pages-6.pdf,/home/workspace/1 Projects/brf2/scratch/phase-2/ws-2.4/downloads/Copy-of-BRJ-05-Jan-Mar-1994-pages-6.pdf,1059098,200,1947,1,category-jireh-chapel-lewes-east-sussex
http://www.britishreformed.org/s/Issue-231-John-Knox.pdf,Issue-231-John-Knox.pdf,/home/workspace/1 Projects/brf2/scratch/phase-2/ws-2.4/downloads/Issue-231-John-Knox.pdf,10448031,200,2057,1,category-john-knox
http://www.britishreformed.org/s/John-Owen-Bulwark-Against-Arminianism-lfn4.pdf,John-Owen-Bulwark-Against-Arminianism-lfn4.pdf,/home/workspace/1 Projects/brf2/scratch/phase-2/ws-2.4/downloads/John-Owen-Bulwark-Against-Arminianism-lfn4.pdf,4119738,200,1388,1,category-john-owen-bulwark-against-arminianism-part-ii
http://www.britishreformed.org/s/John-Owen-Progressive-Presbyterian.pdf,John-Owen-Progressive-Presbyterian.pdf,/home/workspace/1 Projects/brf2/scratch/phase-2/ws-2.4/downloads/John-Owen-Progressive-Presbyterian.pdf,4518773,200,1887,1,category-john-owen-progressive-presbyterian
http://www.britishreformed.org/s/Keeping-the-Covenant-Christian-Education0001.pdf,Keeping-the-Covenant-Christian-Education0001.pdf,/home/workspace/1 Projects/brf2/scratch/phase-2/ws-2.4/downloads/Keeping-the-Covenant-Christian-Education0001.pdf,4474402,200,1934,1,category-keeping-the-covenant
http://www.britishreformed.org/s/Circumcision-and-Baptism0001.pdf,Circumcision-and-Baptism0001.pdf,/home/workspace/1 Projects/brf2/scratch/phase-2/ws-2.4/downloads/Circumcision-and-Baptism0001.pdf,4435667,200,2456,1,category-kp99u253ph35w5s5kinnd3u22kbx4o
http://www.britishreformed.org/s/BRJ-20-Oct-Dec-1997-pages-3-land-of-revivals.pdf,BRJ-20-Oct-Dec-1997-pages-3-land-of-revivals.pdf,/home/workspace/1 Projects/brf2/scratch/phase-2/ws-2.4/downloads/BRJ-20-Oct-Dec-1997-pages-3-land-of-revivals.pdf,2164795,200,1719,1,category-land-of-revivals-wales-in-religious-and-historical-perspective
http://www.britishreformed.org/s/Issue-368-Letter.pdf,Issue-368-Letter.pdf,/home/workspace/1 Projects/brf2/scratch/phase-2/ws-2.4/downloads/Issue-368-Letter.pdf,615960,200,1805,1,category-letter-from-the-editor
http://www.britishreformed.org/s/BRJ56letter.pdf,BRJ56letter.pdf,/home/workspace/1 Projects/brf2/scratch/phase-2/ws-2.4/downloads/BRJ56letter.pdf,161989,200,1648,1,category-letter-to-the-brf
http://www.britishreformed.org/s/BRJ55letter.pdf,BRJ55letter.pdf,/home/workspace/1 Projects/brf2/scratch/phase-2/ws-2.4/downloads/BRJ55letter.pdf,169340,200,1224,1,category-letter-to-the-editor
http://www.britishreformed.org/s/Correspondence-1.pdf,Correspondence-1.pdf,/home/workspace/1 Projects/brf2/scratch/phase-2/ws-2.4/downloads/Correspondence-1.pdf,860274,200,1835,1,category-lvpfforg9y1bmrpi6t1pvw6xxgxlaz
http://www.britishreformed.org/s/Issue-6731-Martin-Luther1.pdf,Issue-6731-Martin-Luther1.pdf,/home/workspace/1 Projects/brf2/scratch/phase-2/ws-2.4/downloads/Issue-6731-Martin-Luther1.pdf,7935994,200,1422,1,category-martin-luther-and-gods-saving-righteousness-1
http://www.britishreformed.org/s/BRJ64kimmitt.pdf,BRJ64kimmitt.pdf,/home/workspace/1 Projects/brf2/scratch/phase-2/ws-2.4/downloads/BRJ64kimmitt.pdf,235392,200,1741,1,category-michael-kimmit-in-grateful-remembrance
http://www.britishreformed.org/s/BRJ-10-Apr-June-1995-001-The-Westminster-Standards-and-the-Gospel-Offer.pdf,BRJ-10-Apr-June-1995-001-The-Westminster-Standards-and-the-Gospel-Offer.pdf,/home/workspace/1 Projects/brf2/scratch/phase-2/ws-2.4/downloads/BRJ-10-Apr-June-1995-001-The-Westminster-Standards-and-the-Gospel-Offer.pdf,726094,200,1456,1,category-mom4wxb4e2wg09h0js7avgteuzx2td-llyjf
http://www.britishreformed.org/s/BRJ-10-Apr-June-1995-Baptism-Mode-5.pdf,BRJ-10-Apr-June-1995-Baptism-Mode-5.pdf,/home/workspace/1 Projects/brf2/scratch/phase-2/ws-2.4/downloads/BRJ-10-Apr-June-1995-Baptism-Mode-5.pdf,494092,200,872,1,category-mom4wxb4e2wg09h0js7avgteuzx2td
http://www.britishreformed.org/s/BRJ-08-Oct-Dec-1994-New-Editor.pdf,BRJ-08-Oct-Dec-1994-New-Editor.pdf,/home/workspace/1 Projects/brf2/scratch/phase-2/ws-2.4/downloads/BRJ-08-Oct-Dec-1994-New-Editor.pdf,765978,200,1089,1,category-new-editor-for-the-journal
http://www.britishreformed.org/s/BRJ-35-Autumn-2002-no-private-interpretation.pdf,BRJ-35-Autumn-2002-no-private-interpretation.pdf,/home/workspace/1 Projects/brf2/scratch/phase-2/ws-2.4/downloads/BRJ-35-Autumn-2002-no-private-interpretation.pdf,539083,200,1450,1,category-no-private-interpretation-an-old-and-neglected-doctrine-reaffirmed
http://www.britishreformed.org/s/Not-so-Sure-with-Mr-Spurgeon0001.pdf,Not-so-Sure-with-Mr-Spurgeon0001.pdf,/home/workspace/1 Projects/brf2/scratch/phase-2/ws-2.4/downloads/Not-so-Sure-with-Mr-Spurgeon0001.pdf,4736026,200,1275,1,category-not-so-sure-with-mr-spurgeon
http://www.britishreformed.org/s/BRJ61owen.pdf,BRJ61owen.pdf,/home/workspace/1 Projects/brf2/scratch/phase-2/ws-2.4/downloads/BRJ61owen.pdf,250499,200,1587,1,category-of-communion-with-god-the-father-son-and-holy-ghost-1
http://www.britishreformed.org/s/Book-Reviews0001.pdf,Book-Reviews0001.pdf,/home/workspace/1 Projects/brf2/scratch/phase-2/ws-2.4/downloads/Book-Reviews0001.pdf,1617153,200,2215,1,category-o73wxjewmevxi07fsl6g9k2g0o9h5g
http://www.britishreformed.org/s/BRJ63owen2.pdf,BRJ63owen2.pdf,/home/workspace/1 Projects/brf2/scratch/phase-2/ws-2.4/downloads/BRJ63owen2.pdf,256080,200,910,1,category-of-communion-with-god-the-father-son-and-holy-ghost-2
http://www.britishreformed.org/s/BRJ64owen3.pdf,BRJ64owen3.pdf,/home/workspace/1 Projects/brf2/scratch/phase-2/ws-2.4/downloads/BRJ64owen3.pdf,246805,200,1197,1,category-of-communion-with-god-the-father-son-and-holy-ghost-3
http://www.britishreformed.org/s/BRJ-06-Apr-June-1994-our-ancient-heritage.pdf,BRJ-06-Apr-June-1994-our-ancient-heritage.pdf,/home/workspace/1 Projects/brf2/scratch/phase-2/ws-2.4/downloads/BRJ-06-Apr-June-1994-our-ancient-heritage.pdf,484811,200,1399,1,category-our-ancient-heritage
http://www.britishreformed.org/s/Issue-334-Of-Psalms.pdf,Issue-334-Of-Psalms.pdf,/home/workspace/1 Projects/brf2/scratch/phase-2/ws-2.4/downloads/Issue-334-Of-Psalms.pdf,2397242,200,2275,1,category-of-psalms-battle-axes-and-burnt-cakes
http://www.britishreformed.org/s/BRJ55conference.pdf,BRJ55conference.pdf,/home/workspace/1 Projects/brf2/scratch/phase-2/ws-2.4/downloads/BRJ55conference.pdf,159432,200,937,1,category-personal-reflections-on-the-2010-brf-conference
http://www.britishreformed.org/s/Issue-293-Paedobaptism-and.pdf,Issue-293-Paedobaptism-and.pdf,/home/workspace/1 Projects/brf2/scratch/phase-2/ws-2.4/downloads/Issue-293-Paedobaptism-and.pdf,9890080,200,2154,1,category-paedobaptism-and-circumcision
http://www.britishreformed.org/s/BRJ-09-Jan-Mar-1995-preaching-true-gospel-properly.pdf,BRJ-09-Jan-Mar-1995-preaching-true-gospel-properly.pdf,/home/workspace/1 Projects/brf2/scratch/phase-2/ws-2.4/downloads/BRJ-09-Jan-Mar-1995-preaching-true-gospel-properly.pdf,832235,200,1806,1,category-preaching-the-true-gospel-properly
http://www.britishreformed.org/s/BRJ-08-Oct-Dec-1994-Presbyterian-Scotland.pdf,BRJ-08-Oct-Dec-1994-Presbyterian-Scotland.pdf,/home/workspace/1 Projects/brf2/scratch/phase-2/ws-2.4/downloads/BRJ-08-Oct-Dec-1994-Presbyterian-Scotland.pdf,1181059,200,1554,1,category-presbyterian-scotland-a-self-assessment
http://www.britishreformed.org/s/Issue-214-Princeton-Seminary-Vol-1.pdf,Issue-214-Princeton-Seminary-Vol-1.pdf,/home/workspace/1 Projects/brf2/scratch/phase-2/ws-2.4/downloads/Issue-214-Princeton-Seminary-Vol-1.pdf,6308905,200,2279,1,category-princeton-seminary-vol-1-faith-amp-learning
http://www.britishreformed.org/s/Issue-261-Psalms-and-Hymns.pdf,Issue-261-Psalms-and-Hymns.pdf,/home/workspace/1 Projects/brf2/scratch/phase-2/ws-2.4/downloads/Issue-261-Psalms-and-Hymns.pdf,10747391,200,2260,1,category-psalms-and-hymns
http://www.britishreformed.org/s/BRJ-08-Oct-Dec-1994-Pure-Words.pdf,BRJ-08-Oct-Dec-1994-Pure-Words.pdf,/home/workspace/1 Projects/brf2/scratch/phase-2/ws-2.4/downloads/BRJ-08-Oct-Dec-1994-Pure-Words.pdf,452820,200,1455,1,category-pure-words-preserved-words-the-doctrine-of-providential-preservation
http://www.britishreformed.org/s/Issue-316-Renee.pdf,Issue-316-Renee.pdf,/home/workspace/1 Projects/brf2/scratch/phase-2/ws-2.4/downloads/Issue-316-Renee.pdf,4227703,200,1895,1,category-rene-born-again-duchess-of-ferrara
http://www.britishreformed.org/s/BRJ-20-Oct-Dec-1997-pages-5-review-a-new-hearing-for-authorised-version.pdf,BRJ-20-Oct-Dec-1997-pages-5-review-a-new-hearing-for-authorised-version.pdf,/home/workspace/1 Projects/brf2/scratch/phase-2/ws-2.4/downloads/BRJ-20-Oct-Dec-1997-pages-5-review-a-new-hearing-for-authorised-version.pdf,1115545,200,2177,1,category-review-a-new-hearing-for-the-authorised-version-by-theodore-letis
http://www.britishreformed.org/s/BRJ62conference.pdf,BRJ62conference.pdf,/home/workspace/1 Projects/brf2/scratch/phase-2/ws-2.4/downloads/BRJ62conference.pdf,223988,200,1068,1,category-review-british-reformed-fellowship-family-conference-2014
http://www.britishreformed.org/s/Issue-314-Review-and.pdf,Issue-314-Review-and.pdf,/home/workspace/1 Projects/brf2/scratch/phase-2/ws-2.4/downloads/Issue-314-Review-and.pdf,10539014,200,2203,1,category-review-and-appreciation-for-thy-truths-sake
http://www.britishreformed.org/s/Issue-213-Revivalist-Propaganda.pdf,Issue-213-Revivalist-Propaganda.pdf,/home/workspace/1 Projects/brf2/scratch/phase-2/ws-2.4/downloads/Issue-213-Revivalist-Propaganda.pdf,7307046,200,1827,1,category-revivalist-propaganda-amp-the-cause-of-truth-in-wales
http://www.britishreformed.org/s/Issue-247-Secondary-Issue-Syndrome.pdf,Issue-247-Secondary-Issue-Syndrome.pdf,/home/workspace/1 Projects/brf2/scratch/phase-2/ws-2.4/downloads/Issue-247-Secondary-Issue-Syndrome.pdf,1574839,200,917,1,category-secondary-issue-syndrome
http://www.britishreformed.org/s/Issue-224-Revivalist-Propaganda.pdf,Issue-224-Revivalist-Propaganda.pdf,/home/workspace/1 Projects/brf2/scratch/phase-2/ws-2.4/downloads/Issue-224-Revivalist-Propaganda.pdf,8572704,200,2926,1,category-revivalist-propaganda-amp-the-cause-of-truth-in-wales-1
http://www.britishreformed.org/s/BRJ-35-Autumn-2002-stealing-for-the-glory-of-God.pdf,BRJ-35-Autumn-2002-stealing-for-the-glory-of-God.pdf,/home/workspace/1 Projects/brf2/scratch/phase-2/ws-2.4/downloads/BRJ-35-Autumn-2002-stealing-for-the-glory-of-God.pdf,221394,200,1715,1,category-stealing-for-the-glory-of-god
http://www.britishreformed.org/s/In-Defence-of-Controversy.pdf,In-Defence-of-Controversy.pdf,/home/workspace/1 Projects/brf2/scratch/phase-2/ws-2.4/downloads/In-Defence-of-Controversy.pdf,2396142,200,2254,1,category-sqgn767lpz21hzfrk3a4oe66nyy0j6
http://www.britishreformed.org/s/BRJ-35-Autumn-2002-i-dont-like-mondays.pdf,BRJ-35-Autumn-2002-i-dont-like-mondays.pdf,/home/workspace/1 Projects/brf2/scratch/phase-2/ws-2.4/downloads/BRJ-35-Autumn-2002-i-dont-like-mondays.pdf,297659,200,1322,1,category-tell-me-why-i-dont-like-mondays
http://www.britishreformed.org/s/Issue-274-Still-Waters-Revival.pdf,Issue-274-Still-Waters-Revival.pdf,/home/workspace/1 Projects/brf2/scratch/phase-2/ws-2.4/downloads/Issue-274-Still-Waters-Revival.pdf,3640518,200,2507,1,category-still-water-revival-for-the-third-reformation
http://www.britishreformed.org/s/The-Reformed-View-of-Baptism0001.pdf,The-Reformed-View-of-Baptism0001.pdf,/home/workspace/1 Projects/brf2/scratch/phase-2/ws-2.4/downloads/The-Reformed-View-of-Baptism0001.pdf,1844693,200,2414,1,category-the-2
http://www.britishreformed.org/s/Issue-325-The-Antiquity-of.pdf,Issue-325-The-Antiquity-of.pdf,/home/workspace/1 Projects/brf2/scratch/phase-2/ws-2.4/downloads/Issue-325-The-Antiquity-of.pdf,7149624,200,1959,1,category-the-antiquity-of-infant-amp-household-baptisms
http://www.britishreformed.org/s/BRJ64apotheosis.pdf,BRJ64apotheosis.pdf,/home/workspace/1 Projects/brf2/scratch/phase-2/ws-2.4/downloads/BRJ64apotheosis.pdf,259514,200,881,1,category-the-apostheosis-of-man-in-evangelical-church-worship
http://www.britishreformed.org/s/Issue-303-The-Baptist-System.pdf,Issue-303-The-Baptist-System.pdf,/home/workspace/1 Projects/brf2/scratch/phase-2/ws-2.4/downloads/Issue-303-The-Baptist-System.pdf,8795044,200,2021,1,category-the-baptist-system-unscriptural-amp-unreformed-part-2
http://www.britishreformed.org/s/Issue-312-The-Baptist-System.pdf,Issue-312-The-Baptist-System.pdf,/home/workspace/1 Projects/brf2/scratch/phase-2/ws-2.4/downloads/Issue-312-The-Baptist-System.pdf,9322003,200,2713,1,category-the-baptist-system-unscriptural-amp-unreformed-part-3
http://www.britishreformed.org/s/Issue-291-The-Baptist-System.pdf,Issue-291-The-Baptist-System.pdf,/home/workspace/1 Projects/brf2/scratch/phase-2/ws-2.4/downloads/Issue-291-The-Baptist-System.pdf,8405888,200,2912,1,category-the-baptist-system-unscriptural-amp-unreformed
http://www.britishreformed.org/s/Issue-323-The-Baptist-System.pdf,Issue-323-The-Baptist-System.pdf,/home/workspace/1 Projects/brf2/scratch/phase-2/ws-2.4/downloads/Issue-323-The-Baptist-System.pdf,13909950,200,2164,1,category-the-baptist-system-unscriptural-and-unreformed-part-4
http://www.britishreformed.org/s/Issue-262-The-Biblical.pdf,Issue-262-The-Biblical.pdf,/home/workspace/1 Projects/brf2/scratch/phase-2/ws-2.4/downloads/Issue-262-The-Biblical.pdf,7875361,200,1110,1,category-the-biblical-doctrine-of-psalmody-1
http://www.britishreformed.org/s/Copy-of-BRJ-01-Jan-Mar-1993-part-2.pdf,Copy-of-BRJ-01-Jan-Mar-1993-part-2.pdf,/home/workspace/1 Projects/brf2/scratch/phase-2/ws-2.4/downloads/Copy-of-BRJ-01-Jan-Mar-1993-part-2.pdf,99464,200,1157,1,category-the-blessed-name-jesus
http://www.britishreformed.org/s/Issue-414-The-Coming-of.pdf,Issue-414-The-Coming-of.pdf,/home/workspace/1 Projects/brf2/scratch/phase-2/ws-2.4/downloads/Issue-414-The-Coming-of.pdf,4356732,200,1537,1,category-the-coming-of-elijah
http://www.britishreformed.org/s/Issue-273-The-Decline-of.pdf,Issue-273-The-Decline-of.pdf,/home/workspace/1 Projects/brf2/scratch/phase-2/ws-2.4/downloads/Issue-273-The-Decline-of.pdf,8115253,200,1871,1,category-the-decline-of-american-presbyterianism
http://www.britishreformed.org/s/BRJ73hypocalvinism.pdf,BRJ73hypocalvinism.pdf,/home/workspace/1 Projects/brf2/scratch/phase-2/ws-2.4/downloads/BRJ73hypocalvinism.pdf,300117,200,1433,1,category-the-destructive-teaching-of-hypo-calvinism-in-common-grace-scripturally-exposed
http://www.britishreformed.org/s/The-Doctrine-of-Scripture.pdf,The-Doctrine-of-Scripture.pdf,/home/workspace/1 Projects/brf2/scratch/phase-2/ws-2.4/downloads/The-Doctrine-of-Scripture.pdf,1865478,200,780,1,category-the-doctr
http://www.britishreformed.org/s/Copy-of-BRJ-05-Jan-Mar-1994-pages-4.pdf,Copy-of-BRJ-05-Jan-Mar-1994-pages-4.pdf,/home/workspace/1 Projects/brf2/scratch/phase-2/ws-2.4/downloads/Copy-of-BRJ-05-Jan-Mar-1994-pages-4.pdf,1089665,200,1598,1,category-the-development-of-the-covenant-of-grace-3-the-covenant-a-bond-of-friendship
http://www.britishreformed.org/s/Issue-285-The-English-Delegation.pdf,Issue-285-The-English-Delegation.pdf,/home/workspace/1 Projects/brf2/scratch/phase-2/ws-2.4/downloads/Issue-285-The-English-Delegation.pdf,11053831,200,2169,1,category-the-english-delegation-to-the-synod-of-dordt
http://www.britishreformed.org/s/Issue-272-The-Erosion-of.pdf,Issue-272-The-Erosion-of.pdf,/home/workspace/1 Projects/brf2/scratch/phase-2/ws-2.4/downloads/Issue-272-The-Erosion-of.pdf,9649784,200,2094,1,category-the-erosion-of-biblical-psalmody-in-scots-presbyterianism
http://www.britishreformed.org/s/BRJ-08-Oct-Dec-1994-Fascinating-History-3.pdf,BRJ-08-Oct-Dec-1994-Fascinating-History-3.pdf,/home/workspace/1 Projects/brf2/scratch/phase-2/ws-2.4/downloads/BRJ-08-Oct-Dec-1994-Fascinating-History-3.pdf,1147553,200,1418,1,category-the-fascinating-history-they-didnt-tell-us-at-school-part-2-8acza
http://www.britishreformed.org/s/BRJ-07-July-Sept-1994-Fascinating-History.pdf,BRJ-07-July-Sept-1994-Fascinating-History.pdf,/home/workspace/1 Projects/brf2/scratch/phase-2/ws-2.4/downloads/BRJ-07-July-Sept-1994-Fascinating-History.pdf,1156301,200,1457,1,category-the-fascinating-history-they-didnt-tell-us-at-school-part-2
http://www.britishreformed.org/s/BRJ-06-Apr-June-1994-the-fascinating-history.pdf,BRJ-06-Apr-June-1994-the-fascinating-history.pdf,/home/workspace/1 Projects/brf2/scratch/phase-2/ws-2.4/downloads/BRJ-06-Apr-June-1994-the-fascinating-history.pdf,309933,200,1529,1,category-the-fascinating-history-they-didnt-tell-us-at-school
http://www.britishreformed.org/s/John-Owen-Bulwark-Against-Arminianism.pdf,John-Owen-Bulwark-Against-Arminianism.pdf,/home/workspace/1 Projects/brf2/scratch/phase-2/ws-2.4/downloads/John-Owen-Bulwark-Against-Arminianism.pdf,4006978,200,1783,1,category-the-fight
http://www.britishreformed.org/s/BRJ62genevatheses.pdf,BRJ62genevatheses.pdf,/home/workspace/1 Projects/brf2/scratch/phase-2/ws-2.4/downloads/BRJ62genevatheses.pdf,317133,200,1315,1,category-the-geneva-theses-1649-a-recently-uncovered-jewel
http://www.britishreformed.org/s/The-Forgotten-Pink.pdf,The-Forgotten-Pink.pdf,/home/workspace/1 Projects/brf2/scratch/phase-2/ws-2.4/downloads/The-Forgotten-Pink.pdf,9166482,200,2059,1,category-the-forgotten-pink
http://www.britishreformed.org/s/BRJ59job2.pdf,BRJ59job2.pdf,/home/workspace/1 Projects/brf2/scratch/phase-2/ws-2.4/downloads/BRJ59job2.pdf,289304,200,1227,1,category-the-historicity-integrity-and-inspiration-of-the-book-of-job-2
http://www.britishreformed.org/s/Issue-573-The-Historicity.pdf,Issue-573-The-Historicity.pdf,/home/workspace/1 Projects/brf2/scratch/phase-2/ws-2.4/downloads/Issue-573-The-Historicity.pdf,11750496,200,1796,1,category-the-historicity-integrity-and-inspiration-of-the-book-of-job-1
http://www.britishreformed.org/s/BRJ77imageandresponsibility.pdf,BRJ77imageandresponsibility.pdf,/home/workspace/1 Projects/brf2/scratch/phase-2/ws-2.4/downloads/BRJ77imageandresponsibility.pdf,147447,200,901,1,category-the-image-of-god-and-the-responsibility-of-man
http://www.britishreformed.org/s/BRJ-07-July-Sept-1994-Inspiration-of-Scripture.pdf,BRJ-07-July-Sept-1994-Inspiration-of-Scripture.pdf,/home/workspace/1 Projects/brf2/scratch/phase-2/ws-2.4/downloads/BRJ-07-July-Sept-1994-Inspiration-of-Scripture.pdf,1102080,200,1576,1,category-the-inspiration-of-scripture-in-historic-orthodoxy-in-modern-bible-translations
http://www.britishreformed.org/s/BRJ-06-Apr-June-1994-the-love-of-god.pdf,BRJ-06-Apr-June-1994-the-love-of-god.pdf,/home/workspace/1 Projects/brf2/scratch/phase-2/ws-2.4/downloads/BRJ-06-Apr-June-1994-the-love-of-god.pdf,465381,200,1119,1,category-the-love-of-god
http://www.britishreformed.org/s/Issue-345-The-Modern.pdf,Issue-345-The-Modern.pdf,/home/workspace/1 Projects/brf2/scratch/phase-2/ws-2.4/downloads/Issue-345-The-Modern.pdf,2368939,200,1602,1,category-the-modern-peter-pans
http://www.britishreformed.org/s/Issue-283-The-Pastoral-Character.pdf,Issue-283-The-Pastoral-Character.pdf,/home/workspace/1 Projects/brf2/scratch/phase-2/ws-2.4/downloads/Issue-283-The-Pastoral-Character.pdf,3831772,200,2656,1,category-the-pastoral-character-of-the-canons-of-dordt
http://www.britishreformed.org/s/Issue-337-The-Reality-of-Wrath.pdf,Issue-337-The-Reality-of-Wrath.pdf,/home/workspace/1 Projects/brf2/scratch/phase-2/ws-2.4/downloads/Issue-337-The-Reality-of-Wrath.pdf,5564889,200,2544,1,category-the-reality-of-wrath-towards-a-true-understanding-of-god-and-the-gospel
http://www.britishreformed.org/s/The-Reformed-Church-in-the-Philippines0001.pdf,The-Reformed-Church-in-the-Philippines0001.pdf,/home/workspace/1 Projects/brf2/scratch/phase-2/ws-2.4/downloads/The-Reformed-Church-in-the-Philippines0001.pdf,864401,200,2139,1,category-the-refor
http://www.britishreformed.org/s/BRJ74bookreview.pdf,BRJ74bookreview.pdf,/home/workspace/1 Projects/brf2/scratch/phase-2/ws-2.4/downloads/BRJ74bookreview.pdf,109696,200,733,1,category-the-reformed-family-authoritative-content-of-the-gospel-rhnp4-hx2r6-kfef6
http://www.britishreformed.org/s/BRJ74conferencereport.pdf,BRJ74conferencereport.pdf,/home/workspace/1 Projects/brf2/scratch/phase-2/ws-2.4/downloads/BRJ74conferencereport.pdf,129471,200,1204,1,category-the-reformed-family-authoritative-content-of-the-gospel-rhnp4-hx2r6
http://www.britishreformed.org/s/BRJ74housechurch3.pdf,BRJ74housechurch3.pdf,/home/workspace/1 Projects/brf2/scratch/phase-2/ws-2.4/downloads/BRJ74housechurch3.pdf,190876,200,1222,1,category-the-reformed-family-authoritative-content-of-the-gospel-rhnp4
http://www.britishreformed.org/s/BRJ74reffamily1.pdf,BRJ74reffamily1.pdf,/home/workspace/1 Projects/brf2/scratch/phase-2/ws-2.4/downloads/BRJ74reffamily1.pdf,133531,200,721,1,category-the-reformed-family-authoritative-content-of-the-gospel
http://www.britishreformed.org/s/BRJ75reffamily2.pdf,BRJ75reffamily2.pdf,/home/workspace/1 Projects/brf2/scratch/phase-2/ws-2.4/downloads/BRJ75reffamily2.pdf,132308,200,867,1,category-the-reformed-family-parents-and-children
http://www.britishreformed.org/s/brj04octdec93-03-reformed-worldview-5b4m.pdf,brj04octdec93-03-reformed-worldview-5b4m.pdf,/home/workspace/1 Projects/brf2/scratch/phase-2/ws-2.4/downloads/brj04octdec93-03-reformed-worldview-5b4m.pdf,343572,200,1439,1,category-the-reformed-life-and-world-view-what-is-it
http://www.britishreformed.org/s/BRJ-07-July-Sept-1994-Reformed-View-of-Baptism-2.pdf,BRJ-07-July-Sept-1994-Reformed-View-of-Baptism-2.pdf,/home/workspace/1 Projects/brf2/scratch/phase-2/ws-2.4/downloads/BRJ-07-July-Sept-1994-Reformed-View-of-Baptism-2.pdf,410196,200,1367,1,category-the-reformed-view-of-baptism-2-its-mode
http://www.britishreformed.org/s/BRJ-06-Apr-June-1994-reformed-view-of-baptism.pdf,BRJ-06-Apr-June-1994-reformed-view-of-baptism.pdf,/home/workspace/1 Projects/brf2/scratch/phase-2/ws-2.4/downloads/BRJ-06-Apr-June-1994-reformed-view-of-baptism.pdf,286074,200,908,1,category-the-reformed-view-of-baptism
http://www.britishreformed.org/s/BRJ-08-Oct-Dec-1994-Reformed-Baptism-3.pdf,BRJ-08-Oct-Dec-1994-Reformed-Baptism-3.pdf,/home/workspace/1 Projects/brf2/scratch/phase-2/ws-2.4/downloads/BRJ-08-Oct-Dec-1994-Reformed-Baptism-3.pdf,871259,200,1510,1,category-the-reformed-view-of-baptism-3-its-mode-continued-1
http://www.britishreformed.org/s/BRJ56delaplace.pdf,BRJ56delaplace.pdf,/home/workspace/1 Projects/brf2/scratch/phase-2/ws-2.4/downloads/BRJ56delaplace.pdf,225671,200,1254,1,category-the-resurrection-of-a-french-heresy-joshua-de-la-places-denial-of-the-immediate-imputation-of-adams-sin-to-his-posterity-1
http://www.britishreformed.org/s/Issue-422-The-Scriptural-Presentation.pdf,Issue-422-The-Scriptural-Presentation.pdf,/home/workspace/1 Projects/brf2/scratch/phase-2/ws-2.4/downloads/Issue-422-The-Scriptural-Presentation.pdf,11511636,200,2071,1,category-the-scriptural-presentation-of-gods-hatred
http://www.britishreformed.org/s/The-Subjects-of-Baptism0001.pdf,The-Subjects-of-Baptism0001.pdf,/home/workspace/1 Projects/brf2/scratch/phase-2/ws-2.4/downloads/The-Subjects-of-Baptism0001.pdf,2682682,200,1808,1,category-the-subjects-of-babtism
http://www.britishreformed.org/s/Copy-of-BRJ-05-Jan-Mar-1994-pages-2.pdf,Copy-of-BRJ-05-Jan-Mar-1994-pages-2.pdf,/home/workspace/1 Projects/brf2/scratch/phase-2/ws-2.4/downloads/Copy-of-BRJ-05-Jan-Mar-1994-pages-2.pdf,829198,200,1580,1,category-the-sufficiency-inspiration-of-holy-scripture
http://www.britishreformed.org/s/BRJ63threewaves.pdf,BRJ63threewaves.pdf,/home/workspace/1 Projects/brf2/scratch/phase-2/ws-2.4/downloads/BRJ63threewaves.pdf,214428,200,888,1,category-the-three-waves-of-charismatic-christianity
http://www.britishreformed.org/s/Issue-282-The-Synod-of-Dordt.pdf,Issue-282-The-Synod-of-Dordt.pdf,/home/workspace/1 Projects/brf2/scratch/phase-2/ws-2.4/downloads/Issue-282-The-Synod-of-Dordt.pdf,13492722,200,2780,1,category-the-synod-of-dordt
http://www.britishreformed.org/s/Issue-301-The-Westminster-Confession.pdf,Issue-301-The-Westminster-Confession.pdf,/home/workspace/1 Projects/brf2/scratch/phase-2/ws-2.4/downloads/Issue-301-The-Westminster-Confession.pdf,13551664,200,1502,1,category-the-westminster-confession
http://www.britishreformed.org/s/BRJ-10-Apr-June-1995-The-Forgotten-Kennedy-2.pdf,BRJ-10-Apr-June-1995-The-Forgotten-Kennedy-2.pdf,/home/workspace/1 Projects/brf2/scratch/phase-2/ws-2.4/downloads/BRJ-10-Apr-June-1995-The-Forgotten-Kennedy-2.pdf,863498,200,1578,1,category-the
http://www.britishreformed.org/s/BRJ76divorceremarriagescandel.pdf,BRJ76divorceremarriagescandel.pdf,/home/workspace/1 Projects/brf2/scratch/phase-2/ws-2.4/downloads/BRJ76divorceremarriagescandel.pdf,155401,200,878,1,category-unbiblical-divorce-and-adulterous-remarriage-a-scandal
http://www.britishreformed.org/s/Review-Hyper-Evangelism-Another-Gospel0001.pdf,Review-Hyper-Evangelism-Another-Gospel0001.pdf,/home/workspace/1 Projects/brf2/scratch/phase-2/ws-2.4/downloads/Review-Hyper-Evangelism-Another-Gospel0001.pdf,2228234,200,1613,1,category-urmtpo0ly59otbxhpeqqbik2p5pyaq
http://www.britishreformed.org/s/Book-Reviews-Dimensions-of-Eternal-Love0001.pdf,Book-Reviews-Dimensions-of-Eternal-Love0001.pdf,/home/workspace/1 Projects/brf2/scratch/phase-2/ws-2.4/downloads/Book-Reviews-Dimensions-of-Eternal-Love0001.pdf,1079830,200,2164,1,category-w6tkusdye0c7rnbp5e6a27p6jmqrkx
http://www.britishreformed.org/s/BRJ56Israel.pdf,BRJ56Israel.pdf,/home/workspace/1 Projects/brf2/scratch/phase-2/ws-2.4/downloads/BRJ56Israel.pdf,197074,200,1261,1,category-what-about-israel-1
http://www.britishreformed.org/s/BRJ-07-July-Sept-1994-What-Good-are-they-Today.pdf,BRJ-07-July-Sept-1994-What-Good-are-they-Today.pdf,/home/workspace/1 Projects/brf2/scratch/phase-2/ws-2.4/downloads/BRJ-07-July-Sept-1994-What-Good-are-they-Today.pdf,810583,200,1506,1,category-what-good-are-they-today
http://www.britishreformed.org/s/Issue-311-WHO-are-the.pdf,Issue-311-WHO-are-the.pdf,/home/workspace/1 Projects/brf2/scratch/phase-2/ws-2.4/downloads/Issue-311-WHO-are-the.pdf,7357757,200,1505,1,category-who-are-the-wicked-and-the-righteous-in-scripture
http://www.britishreformed.org/s/Issue-324-WHO-are-the-Wicked.pdf,Issue-324-WHO-are-the-Wicked.pdf,/home/workspace/1 Projects/brf2/scratch/phase-2/ws-2.4/downloads/Issue-324-WHO-are-the-Wicked.pdf,8215416,200,2771,1,category-who-are-the-wicked-amp-the-righteous-in-scripture
http://www.britishreformed.org/s/BRJ-06-Apr-June-1994-why-we-sing-psalms.pdf,BRJ-06-Apr-June-1994-why-we-sing-psalms.pdf,/home/workspace/1 Projects/brf2/scratch/phase-2/ws-2.4/downloads/BRJ-06-Apr-June-1994-why-we-sing-psalms.pdf,241267,200,1286,1,category-why-we-sing-psalms
http://www.britishreformed.org/s/Issue-264-WHO-Seduced-our.pdf,Issue-264-WHO-Seduced-our.pdf,/home/workspace/1 Projects/brf2/scratch/phase-2/ws-2.4/downloads/Issue-264-WHO-Seduced-our.pdf,6429330,200,2091,1,category-who-seduced-our-fathers-away-from-psalmody-isaac-watts-unmasked
http://www.britishreformed.org/s/brj04octdec93-09-zion-independent-chapel-pmzp.pdf,brj04octdec93-09-zion-independent-chapel-pmzp.pdf,/home/workspace/1 Projects/brf2/scratch/phase-2/ws-2.4/downloads/brj04octdec93-09-zion-independent-chapel-pmzp.pdf,306708,200,1088,1,category-zion-independent-chapel-morley-near-leeds
http://www.britishreformed.org/s/Copy-of-BRJ-05-Jan-Mar-1994-pages-3.pdf,Copy-of-BRJ-05-Jan-Mar-1994-pages-3.pdf,/home/workspace/1 Projects/brf2/scratch/phase-2/ws-2.4/downloads/Copy-of-BRJ-05-Jan-Mar-1994-pages-3.pdf,1560037,200,1731,1,category-words-of-inspiration
http://www.britishreformed.org/s/Issue-235-Correspondence.pdf,Issue-235-Correspondence.pdf,/home/workspace/1 Projects/brf2/scratch/phase-2/ws-2.4/downloads/Issue-235-Correspondence.pdf,985590,200,1905,1,ka9sgrb88n732chw5pcrzgn22rg32j
http://www.britishreformed.org/s/Correspondence0001-1.pdf,Correspondence0001-1.pdf,/home/workspace/1 Projects/brf2/scratch/phase-2/ws-2.4/downloads/Correspondence0001-1.pdf,1825967,200,2071,1,pjytv0yealc8aitq690yzwddfyg77d
http://www.britishreformed.org/s/Correspondence-drbs.pdf,Correspondence-drbs.pdf,/home/workspace/1 Projects/brf2/scratch/phase-2/ws-2.4/downloads/Correspondence-drbs.pdf,1862465,200,1632,1,pyllmp83l7mjmdbg985n7cfxlsx3n8
http://www.britishreformed.org/s/Issue-327-Correspondence.pdf,Issue-327-Correspondence.pdf,/home/workspace/1 Projects/brf2/scratch/phase-2/ws-2.4/downloads/Issue-327-Correspondence.pdf,1626113,200,1544,1,smkf6x9nfas8c54j74mmmcn76l8pxf
