issue_number,filename,key,public_url,bytes,ms,status,error
1,Copy of BRJ-01-Jan-Mar 1993.pdf,pdfs/issues/issue-01.pdf,https://pub-011dc1a7faab4dbbafd9b3954e64f5f8.r2.dev/pdfs/issues/issue-01.pdf,2737401,1777,ok,
8,Copy of BRJ-08-Oct-Dec 1994.pdf,pdfs/issues/issue-08.pdf,https://pub-011dc1a7faab4dbbafd9b3954e64f5f8.r2.dev/pdfs/issues/issue-08.pdf,3773328,1842,ok,
6,Copy of BRJ-06-Apr-June 1994.pdf,pdfs/issues/issue-06.pdf,https://pub-011dc1a7faab4dbbafd9b3954e64f5f8.r2.dev/pdfs/issues/issue-06.pdf,3409706,1967,ok,
7,Copy of BRJ-07-July-Sept 1994.pdf,pdfs/issues/issue-07.pdf,https://pub-011dc1a7faab4dbbafd9b3954e64f5f8.r2.dev/pdfs/issues/issue-07.pdf,3399522,2193,ok,
5,Copy of BRJ-05-Jan-Mar 1994.pdf,pdfs/issues/issue-05.pdf,https://pub-011dc1a7faab4dbbafd9b3954e64f5f8.r2.dev/pdfs/issues/issue-05.pdf,3373915,2714,ok,
2,Copy of BRJ-02-Apr-June 1993.pdf,pdfs/issues/issue-02.pdf,https://pub-011dc1a7faab4dbbafd9b3954e64f5f8.r2.dev/pdfs/issues/issue-02.pdf,2879716,2943,ok,
4,Copy of BRJ-04-Oct-Dec 1993.pdf,pdfs/issues/issue-04.pdf,https://pub-011dc1a7faab4dbbafd9b3954e64f5f8.r2.dev/pdfs/issues/issue-04.pdf,2578314,3315,ok,
3,Copy of BRJ-03-July-Sept 1993.pdf,pdfs/issues/issue-03.pdf,https://pub-011dc1a7faab4dbbafd9b3954e64f5f8.r2.dev/pdfs/issues/issue-03.pdf,3217589,3391,ok,
11,Copy of BRJ-11-July-Sept 1995.pdf,pdfs/issues/issue-11.pdf,https://pub-011dc1a7faab4dbbafd9b3954e64f5f8.r2.dev/pdfs/issues/issue-11.pdf,3937604,1784,ok,
10,Copy of BRJ-10-Apr-June 1995.pdf,pdfs/issues/issue-10.pdf,https://pub-011dc1a7faab4dbbafd9b3954e64f5f8.r2.dev/pdfs/issues/issue-10.pdf,3902927,2097,ok,
12,Copy of BRJ-12-Oct-Dec 1995.pdf,pdfs/issues/issue-12.pdf,https://pub-011dc1a7faab4dbbafd9b3954e64f5f8.r2.dev/pdfs/issues/issue-12.pdf,3605692,1894,ok,
9,Copy of BRJ-09-Jan-Mar 1995.pdf,pdfs/issues/issue-09.pdf,https://pub-011dc1a7faab4dbbafd9b3954e64f5f8.r2.dev/pdfs/issues/issue-09.pdf,3789741,2808,ok,
13,Copy of BRJ-13-Jan-Mar 1996.pdf,pdfs/issues/issue-13.pdf,https://pub-011dc1a7faab4dbbafd9b3954e64f5f8.r2.dev/pdfs/issues/issue-13.pdf,3553261,2603,ok,
19,Copy of BRJ-19-July-Sept 1997.pdf,pdfs/issues/issue-19.pdf,https://pub-011dc1a7faab4dbbafd9b3954e64f5f8.r2.dev/pdfs/issues/issue-19.pdf,4435470,1294,ok,
16,Copy of BRJ-16-Oct-Dec 1996.pdf,pdfs/issues/issue-16.pdf,https://pub-011dc1a7faab4dbbafd9b3954e64f5f8.r2.dev/pdfs/issues/issue-16.pdf,4411694,2271,ok,
14,Copy of BRJ-14-Apr-June 1996.pdf,pdfs/issues/issue-14.pdf,https://pub-011dc1a7faab4dbbafd9b3954e64f5f8.r2.dev/pdfs/issues/issue-14.pdf,3544790,2744,ok,
18,Copy of BRJ-18-Apr-June 1997.pdf,pdfs/issues/issue-18.pdf,https://pub-011dc1a7faab4dbbafd9b3954e64f5f8.r2.dev/pdfs/issues/issue-18.pdf,3966512,2583,ok,
22,Copy of BRJ-22-Apr-June 1998.pdf,pdfs/issues/issue-22.pdf,https://pub-011dc1a7faab4dbbafd9b3954e64f5f8.r2.dev/pdfs/issues/issue-22.pdf,3903081,1304,ok,
15,Copy of BRJ-15-July-Sept 1996.pdf,pdfs/issues/issue-15.pdf,https://pub-011dc1a7faab4dbbafd9b3954e64f5f8.r2.dev/pdfs/issues/issue-15.pdf,3715255,3412,ok,
21,Copy of BRJ-21-Jan-Mar 1998.pdf,pdfs/issues/issue-21.pdf,https://pub-011dc1a7faab4dbbafd9b3954e64f5f8.r2.dev/pdfs/issues/issue-21.pdf,3711972,1803,ok,
17,Copy of BRJ-17-Jan-Mar 1997.pdf,pdfs/issues/issue-17.pdf,https://pub-011dc1a7faab4dbbafd9b3954e64f5f8.r2.dev/pdfs/issues/issue-17.pdf,4234628,3552,ok,
20,Copy of BRJ-20-Oct-Dec 1997.pdf,pdfs/issues/issue-20.pdf,https://pub-011dc1a7faab4dbbafd9b3954e64f5f8.r2.dev/pdfs/issues/issue-20.pdf,4151103,3471,ok,
24,Copy of BRJ-24-Oct-Dec 1998.pdf,pdfs/issues/issue-24.pdf,https://pub-011dc1a7faab4dbbafd9b3954e64f5f8.r2.dev/pdfs/issues/issue-24.pdf,4409053,2557,ok,
23,Copy of BRJ-23-July-Sept 1998.pdf,pdfs/issues/issue-23.pdf,https://pub-011dc1a7faab4dbbafd9b3954e64f5f8.r2.dev/pdfs/issues/issue-23.pdf,4189289,2880,ok,
29,Copy of BRJ-29-Jan-Mar 2000.pdf,pdfs/issues/issue-29.pdf,https://pub-011dc1a7faab4dbbafd9b3954e64f5f8.r2.dev/pdfs/issues/issue-29.pdf,4443516,1458,ok,
28,Copy of BRJ-28-Oct-Dec 1999.pdf,pdfs/issues/issue-28.pdf,https://pub-011dc1a7faab4dbbafd9b3954e64f5f8.r2.dev/pdfs/issues/issue-28.pdf,4524233,1671,ok,
27,Copy of BRJ-27-July-Sept 1999.pdf,pdfs/issues/issue-27.pdf,https://pub-011dc1a7faab4dbbafd9b3954e64f5f8.r2.dev/pdfs/issues/issue-27.pdf,4430915,2468,ok,
32,Copy of BRJ-32-Oct-Dec 2000.pdf,pdfs/issues/issue-32.pdf,https://pub-011dc1a7faab4dbbafd9b3954e64f5f8.r2.dev/pdfs/issues/issue-32.pdf,3858861,1345,ok,
26,Copy of BRJ-26-Apr-June 1999.pdf,pdfs/issues/issue-26.pdf,https://pub-011dc1a7faab4dbbafd9b3954e64f5f8.r2.dev/pdfs/issues/issue-26.pdf,3939856,3297,ok,
25,Copy of BRJ-25-Jan-Mar 1999.pdf,pdfs/issues/issue-25.pdf,https://pub-011dc1a7faab4dbbafd9b3954e64f5f8.r2.dev/pdfs/issues/issue-25.pdf,4034577,3513,ok,
33,Copy of BRJ-33-July-Sept 2001.pdf,pdfs/issues/issue-33.pdf,https://pub-011dc1a7faab4dbbafd9b3954e64f5f8.r2.dev/pdfs/issues/issue-33.pdf,2794658,1740,ok,
36,Copy of BRJ-36-Winter 2003.pdf,pdfs/issues/issue-36.pdf,https://pub-011dc1a7faab4dbbafd9b3954e64f5f8.r2.dev/pdfs/issues/issue-36.pdf,2928410,1157,ok,
30,Copy of BRJ-30-Apr-June 2000.pdf,pdfs/issues/issue-30.pdf,https://pub-011dc1a7faab4dbbafd9b3954e64f5f8.r2.dev/pdfs/issues/issue-30.pdf,4670087,3382,ok,
31,Copy of BRJ-31-July-Sept 2000.pdf,pdfs/issues/issue-31.pdf,https://pub-011dc1a7faab4dbbafd9b3954e64f5f8.r2.dev/pdfs/issues/issue-31.pdf,4590586,3415,ok,
39,Copy of BRJ-39-Autumn-Winter 2003-2004.pdf,pdfs/issues/issue-39.pdf,https://pub-011dc1a7faab4dbbafd9b3954e64f5f8.r2.dev/pdfs/issues/issue-39.pdf,3061485,1291,ok,
35,Copy of BRJ-35-Autumn 2002.pdf,pdfs/issues/issue-35.pdf,https://pub-011dc1a7faab4dbbafd9b3954e64f5f8.r2.dev/pdfs/issues/issue-35.pdf,2961182,2779,ok,
34,Copy of BRJ-34-Oct-Dec 2001.pdf,pdfs/issues/issue-34.pdf,https://pub-011dc1a7faab4dbbafd9b3954e64f5f8.r2.dev/pdfs/issues/issue-34.pdf,2757244,3349,ok,
37,Copy of BRJ-37-Spring 2003.pdf,pdfs/issues/issue-37.pdf,https://pub-011dc1a7faab4dbbafd9b3954e64f5f8.r2.dev/pdfs/issues/issue-37.pdf,3271697,3396,ok,
38,Copy of BRJ-38-Summer 2003.pdf,pdfs/issues/issue-38.pdf,https://pub-011dc1a7faab4dbbafd9b3954e64f5f8.r2.dev/pdfs/issues/issue-38.pdf,3341205,3360,ok,
44,Copy of BRJ-44-Winter 2005.pdf,pdfs/issues/issue-44.pdf,https://pub-011dc1a7faab4dbbafd9b3954e64f5f8.r2.dev/pdfs/issues/issue-44.pdf,2817702,1497,ok,
43,Copy of BRJ-43-Summer 2005.pdf,pdfs/issues/issue-43.pdf,https://pub-011dc1a7faab4dbbafd9b3954e64f5f8.r2.dev/pdfs/issues/issue-43.pdf,2848945,1706,ok,
41,Copy of BRJ-41-Autumn 2004.pdf,pdfs/issues/issue-41.pdf,https://pub-011dc1a7faab4dbbafd9b3954e64f5f8.r2.dev/pdfs/issues/issue-41.pdf,3074261,2881,ok,
40,Copy of BRJ-40-Spring 2004.pdf,pdfs/issues/issue-40.pdf,https://pub-011dc1a7faab4dbbafd9b3954e64f5f8.r2.dev/pdfs/issues/issue-40.pdf,3165924,3297,ok,
45,Copy of BRJ-45-Summer 2006.pdf,pdfs/issues/issue-45.pdf,https://pub-011dc1a7faab4dbbafd9b3954e64f5f8.r2.dev/pdfs/issues/issue-45.pdf,2971777,2508,ok,
48,Copy of BRJ-48-Winter 2008.pdf,pdfs/issues/issue-48.pdf,https://pub-011dc1a7faab4dbbafd9b3954e64f5f8.r2.dev/pdfs/issues/issue-48.pdf,2981861,1435,ok,
42,Copy of BRJ-42-Spring 2005.pdf,pdfs/issues/issue-42.pdf,https://pub-011dc1a7faab4dbbafd9b3954e64f5f8.r2.dev/pdfs/issues/issue-42.pdf,3236042,3355,ok,
51,Copy of BRJ-51-Autumn-Winter-2009.pdf,pdfs/issues/issue-51.pdf,https://pub-011dc1a7faab4dbbafd9b3954e64f5f8.r2.dev/pdfs/issues/issue-51.pdf,2849644,1534,ok,
47,Copy of BRJ-47-Summer 2007.pdf,pdfs/issues/issue-47.pdf,https://pub-011dc1a7faab4dbbafd9b3954e64f5f8.r2.dev/pdfs/issues/issue-47.pdf,2922864,2497,ok,
52,Copy of BRJ-52-Spring-Summer-2010.pdf,pdfs/issues/issue-52.pdf,https://pub-011dc1a7faab4dbbafd9b3954e64f5f8.r2.dev/pdfs/issues/issue-52.pdf,2998965,1368,ok,
49,Copy of BRJ-49-Summer 2008.pdf,pdfs/issues/issue-49.pdf,https://pub-011dc1a7faab4dbbafd9b3954e64f5f8.r2.dev/pdfs/issues/issue-49.pdf,3183799,2605,ok,
46,Copy of BRJ-46-Winter 2007.pdf,pdfs/issues/issue-46.pdf,https://pub-011dc1a7faab4dbbafd9b3954e64f5f8.r2.dev/pdfs/issues/issue-46.pdf,2960322,2769,ok,
54,Copy of BRJ-54-Spring-Summer-2011.pdf,pdfs/issues/issue-54.pdf,https://pub-011dc1a7faab4dbbafd9b3954e64f5f8.r2.dev/pdfs/issues/issue-54.pdf,2955147,2152,ok,
55,Copy of BRJ-55-Autumn-Winter-2011.pdf,pdfs/issues/issue-55.pdf,https://pub-011dc1a7faab4dbbafd9b3954e64f5f8.r2.dev/pdfs/issues/issue-55.pdf,2647948,1366,ok,
56,Copy of BRJ-56-Spring-Summer-2012.pdf,pdfs/issues/issue-56.pdf,https://pub-011dc1a7faab4dbbafd9b3954e64f5f8.r2.dev/pdfs/issues/issue-56.pdf,4308936,1678,ok,
58,Copy of BRJ-58-Spring-Summer-2013.pdf,pdfs/issues/issue-58.pdf,https://pub-011dc1a7faab4dbbafd9b3954e64f5f8.r2.dev/pdfs/issues/issue-58.pdf,2850062,1699,ok,
50,Copy of BRJ-50-Winter-Spring-2009.pdf,pdfs/issues/issue-50.pdf,https://pub-011dc1a7faab4dbbafd9b3954e64f5f8.r2.dev/pdfs/issues/issue-50.pdf,3047154,3545,ok,
57,Copy of BRJ-57-Autumn-Winter-2013.pdf,pdfs/issues/issue-57.pdf,https://pub-011dc1a7faab4dbbafd9b3954e64f5f8.r2.dev/pdfs/issues/issue-57.pdf,2734132,1994,ok,
53,Copy of BRJ-53-Fall-Winter-2010.pdf,pdfs/issues/issue-53.pdf,https://pub-011dc1a7faab4dbbafd9b3954e64f5f8.r2.dev/pdfs/issues/issue-53.pdf,3081905,3337,ok,
61,Copy of BRJ-61-Autumn-Winter-2015.pdf,pdfs/issues/issue-61.pdf,https://pub-011dc1a7faab4dbbafd9b3954e64f5f8.r2.dev/pdfs/issues/issue-61.pdf,3150738,1143,ok,
60,Copy of BRJ-60-Spring-Summer-2014.pdf,pdfs/issues/issue-60.pdf,https://pub-011dc1a7faab4dbbafd9b3954e64f5f8.r2.dev/pdfs/issues/issue-60.pdf,2599832,1533,ok,
59,Copy of BRJ-59-Autumn-Winter-2014.pdf,pdfs/issues/issue-59.pdf,https://pub-011dc1a7faab4dbbafd9b3954e64f5f8.r2.dev/pdfs/issues/issue-59.pdf,2842083,2854,ok,
64,Copy of BRJ-64-Spring-Summer-2016.pdf,pdfs/issues/issue-64.pdf,https://pub-011dc1a7faab4dbbafd9b3954e64f5f8.r2.dev/pdfs/issues/issue-64.pdf,2907754,1173,ok,
63,Copy of BRJ-63-Autumn-Winter-2016.pdf,pdfs/issues/issue-63.pdf,https://pub-011dc1a7faab4dbbafd9b3954e64f5f8.r2.dev/pdfs/issues/issue-63.pdf,3101068,1956,ok,
68,Copy of BRJ-68-Autumn-Winter-2019.pdf,pdfs/issues/issue-68.pdf,https://pub-011dc1a7faab4dbbafd9b3954e64f5f8.r2.dev/pdfs/issues/issue-68.pdf,2663899,1263,ok,
67,Copy of BRJ-67-Autumn-Winter-2018.pdf,pdfs/issues/issue-67.pdf,https://pub-011dc1a7faab4dbbafd9b3954e64f5f8.r2.dev/pdfs/issues/issue-67.pdf,2796261,1907,ok,
69,Copy of BRJ-69-Spring-Summer-2019.pdf,pdfs/issues/issue-69.pdf,https://pub-011dc1a7faab4dbbafd9b3954e64f5f8.r2.dev/pdfs/issues/issue-69.pdf,2792724,1312,ok,
65,Copy of BRJ-65-Autumn-Winter-2017.pdf,pdfs/issues/issue-65.pdf,https://pub-011dc1a7faab4dbbafd9b3954e64f5f8.r2.dev/pdfs/issues/issue-65.pdf,3012452,2485,ok,
66,Copy of BRJ-66-Spring-Summer-2017.pdf,pdfs/issues/issue-66.pdf,https://pub-011dc1a7faab4dbbafd9b3954e64f5f8.r2.dev/pdfs/issues/issue-66.pdf,3212642,2559,ok,
71,Copy of BRJ-71-Autumn-2020.pdf,pdfs/issues/issue-71.pdf,https://pub-011dc1a7faab4dbbafd9b3954e64f5f8.r2.dev/pdfs/issues/issue-71.pdf,2694808,1130,ok,
62,Copy of BRJ-62-Spring-Summer-2015.pdf,pdfs/issues/issue-62.pdf,https://pub-011dc1a7faab4dbbafd9b3954e64f5f8.r2.dev/pdfs/issues/issue-62.pdf,3128183,3525,ok,
72,Copy of BRJ-72-Spring-Summer-2021.pdf,pdfs/issues/issue-72.pdf,https://pub-011dc1a7faab4dbbafd9b3954e64f5f8.r2.dev/pdfs/issues/issue-72.pdf,2703835,1226,ok,
74,Copy of BRJ-74-August-2022.pdf,pdfs/issues/issue-74.pdf,https://pub-011dc1a7faab4dbbafd9b3954e64f5f8.r2.dev/pdfs/issues/issue-74.pdf,2938210,1128,ok,
70,Copy of BRJ-70-Winter-2019-2020.pdf,pdfs/issues/issue-70.pdf,https://pub-011dc1a7faab4dbbafd9b3954e64f5f8.r2.dev/pdfs/issues/issue-70.pdf,2777090,2558,ok,
73,Copy of BRJ-73-January-2022.pdf,pdfs/issues/issue-73.pdf,https://pub-011dc1a7faab4dbbafd9b3954e64f5f8.r2.dev/pdfs/issues/issue-73.pdf,2673231,1508,ok,
75,Copy of BRJ-75-February-2023.pdf,pdfs/issues/issue-75.pdf,https://pub-011dc1a7faab4dbbafd9b3954e64f5f8.r2.dev/pdfs/issues/issue-75.pdf,2615616,1978,ok,
