filename,key,public_url,bytes,ms,status,error,article_ids
Issue-361-Editorial.pdf,pdfs/articles/Issue-361-Editorial.pdf,https://pub-011dc1a7faab4dbbafd9b3954e64f5f8.r2.dev/pdfs/articles/Issue-361-Editorial.pdf,2469845,1142,ok,,articles-articles-category-editorial-on-being-reformed
Issue-348-A-Friendly-Dialogue.pdf,pdfs/articles/Issue-348-A-Friendly-Dialogue.pdf,https://pub-011dc1a7faab4dbbafd9b3954e64f5f8.r2.dev/pdfs/articles/Issue-348-A-Friendly-Dialogue.pdf,2578616,2631,ok,,articles-category-a-friendly-dialogue-of-infant-baptism
Issue-574-A-Report-on-the.pdf,pdfs/articles/Issue-574-A-Report-on-the.pdf,https://pub-011dc1a7faab4dbbafd9b3954e64f5f8.r2.dev/pdfs/articles/Issue-574-A-Report-on-the.pdf,5214786,2897,ok,,articles-category-a-report-on-the-2012-brf-family-conference
Correspondence0001-3.pdf,pdfs/articles/Correspondence0001-3.pdf,https://pub-011dc1a7faab4dbbafd9b3954e64f5f8.r2.dev/pdfs/articles/Correspondence0001-3.pdf,2672744,3364,ok,,7lslnnor5qaha6m607pcocrgtlfgl7
Issue-433-Anatomy-of.pdf,pdfs/articles/Issue-433-Anatomy-of.pdf,https://pub-011dc1a7faab4dbbafd9b3954e64f5f8.r2.dev/pdfs/articles/Issue-433-Anatomy-of.pdf,5208155,3592,ok,,articles-category-anatomy-of-a-revival-4
Book-Review.pdf,pdfs/articles/Book-Review.pdf,https://pub-011dc1a7faab4dbbafd9b3954e64f5f8.r2.dev/pdfs/articles/Book-Review.pdf,224925,989,ok,,articles-category-book-review-4
Issue-413-Anatomy-of.pdf,pdfs/articles/Issue-413-Anatomy-of.pdf,https://pub-011dc1a7faab4dbbafd9b3954e64f5f8.r2.dev/pdfs/articles/Issue-413-Anatomy-of.pdf,10927718,4336,ok,,articles-category-anatomy-of-a-revival-2
Issue-443-Anatomy-of.pdf,pdfs/articles/Issue-443-Anatomy-of.pdf,https://pub-011dc1a7faab4dbbafd9b3954e64f5f8.r2.dev/pdfs/articles/Issue-443-Anatomy-of.pdf,10056165,4337,ok,,articles-category-anatomy-of-a-revival-5
Issue-572-A-History-of.pdf,pdfs/articles/Issue-572-A-History-of.pdf,https://pub-011dc1a7faab4dbbafd9b3954e64f5f8.r2.dev/pdfs/articles/Issue-572-A-History-of.pdf,6755574,4417,ok,,articles-category-a-history-of-biblical-fasting-1
Issue-367-Book-Review.pdf,pdfs/articles/Issue-367-Book-Review.pdf,https://pub-011dc1a7faab4dbbafd9b3954e64f5f8.r2.dev/pdfs/articles/Issue-367-Book-Review.pdf,1022065,2447,ok,,articles-category-book-review-2000-years-of-christs-power
Issue-485-Book-Review.pdf,pdfs/articles/Issue-485-Book-Review.pdf,https://pub-011dc1a7faab4dbbafd9b3954e64f5f8.r2.dev/pdfs/articles/Issue-485-Book-Review.pdf,3248021,1026,ok,,articles-category-book-review-trinity-and-covenant
BRF-Conference-2016.pdf,pdfs/articles/BRF-Conference-2016.pdf,https://pub-011dc1a7faab4dbbafd9b3954e64f5f8.r2.dev/pdfs/articles/BRF-Conference-2016.pdf,224343,991,ok,,articles-category-brf-conference-2016-report
BRJ71humility.pdf,pdfs/articles/BRJ71humility.pdf,https://pub-011dc1a7faab4dbbafd9b3954e64f5f8.r2.dev/pdfs/articles/BRJ71humility.pdf,324778,1064,ok,,articles-category-christian-humility
Issue-693-Book-Review.pdf,pdfs/articles/Issue-693-Book-Review.pdf,https://pub-011dc1a7faab4dbbafd9b3954e64f5f8.r2.dev/pdfs/articles/Issue-693-Book-Review.pdf,3450857,2621,ok,,articles-category-book-review-grace-and-assurance
Issue-403-Anatomy-of.pdf,pdfs/articles/Issue-403-Anatomy-of.pdf,https://pub-011dc1a7faab4dbbafd9b3954e64f5f8.r2.dev/pdfs/articles/Issue-403-Anatomy-of.pdf,10697445,5127,ok,,articles-category-anatomy-of-revival-1
Issue-585-Book-Review.pdf,pdfs/articles/Issue-585-Book-Review.pdf,https://pub-011dc1a7faab4dbbafd9b3954e64f5f8.r2.dev/pdfs/articles/Issue-585-Book-Review.pdf,3843010,2881,ok,,articles-category-book-review-return-to-rome
BRJ71kuyper.pdf,pdfs/articles/BRJ71kuyper.pdf,https://pub-011dc1a7faab4dbbafd9b3954e64f5f8.r2.dev/pdfs/articles/BRJ71kuyper.pdf,333652,1644,ok,,articles-category-common-grace-in-abraham-kuypers-lectures-on-calvinism
Issue-384-Book-Review.pdf,pdfs/articles/Issue-384-Book-Review.pdf,https://pub-011dc1a7faab4dbbafd9b3954e64f5f8.r2.dev/pdfs/articles/Issue-384-Book-Review.pdf,2793143,2806,ok,,articles-category-book-review-wesley-and-men-who-followed
Issue-442-Cunningham-on.pdf,pdfs/articles/Issue-442-Cunningham-on.pdf,https://pub-011dc1a7faab4dbbafd9b3954e64f5f8.r2.dev/pdfs/articles/Issue-442-Cunningham-on.pdf,3803323,1187,ok,,articles-category-cunningham-on-infant-baptism-2
Issue-404-Book-Review.pdf,pdfs/articles/Issue-404-Book-Review.pdf,https://pub-011dc1a7faab4dbbafd9b3954e64f5f8.r2.dev/pdfs/articles/Issue-404-Book-Review.pdf,6521830,4062,ok,,articles-category-book-review-article-john-wesley-false-prophet-of-free-will
BRJ73doublespeak.pdf,pdfs/articles/BRJ73doublespeak.pdf,https://pub-011dc1a7faab4dbbafd9b3954e64f5f8.r2.dev/pdfs/articles/BRJ73doublespeak.pdf,287520,1766,ok,,articles-category-doctrinal-doublespeak
Issue-521-Editorial.pdf,pdfs/articles/Issue-521-Editorial.pdf,https://pub-011dc1a7faab4dbbafd9b3954e64f5f8.r2.dev/pdfs/articles/Issue-521-Editorial.pdf,1034585,1223,ok,,articles-category-editorial-2
BRJ71Editorial.pdf,pdfs/articles/BRJ71Editorial.pdf,https://pub-011dc1a7faab4dbbafd9b3954e64f5f8.r2.dev/pdfs/articles/BRJ71Editorial.pdf,294586,1120,ok,,articles-category-editorial-beholding-jehovahs-desolations
BRJ72Editorial.pdf,pdfs/articles/BRJ72Editorial.pdf,https://pub-011dc1a7faab4dbbafd9b3954e64f5f8.r2.dev/pdfs/articles/BRJ72Editorial.pdf,318113,1000,ok,,articles-category-editorial-hating-our-family-necessary-for-christian-discipleship
Issue-581-Editorial.pdf,pdfs/articles/Issue-581-Editorial.pdf,https://pub-011dc1a7faab4dbbafd9b3954e64f5f8.r2.dev/pdfs/articles/Issue-581-Editorial.pdf,2221067,2333,ok,,articles-category-editorial-a-double-minded-god-unstable-in-all-his-ways-1
Issue-435-Come-Out.pdf,pdfs/articles/Issue-435-Come-Out.pdf,https://pub-011dc1a7faab4dbbafd9b3954e64f5f8.r2.dev/pdfs/articles/Issue-435-Come-Out.pdf,6562552,4561,ok,,articles-category-come-out-from-among-them
Editorial.pdf,pdfs/articles/Editorial.pdf,https://pub-011dc1a7faab4dbbafd9b3954e64f5f8.r2.dev/pdfs/articles/Editorial.pdf,318238,2456,ok,,articles-category-editorial-hypercalvinist-7
Issue-7011-Editorial.pdf,pdfs/articles/Issue-7011-Editorial.pdf,https://pub-011dc1a7faab4dbbafd9b3954e64f5f8.r2.dev/pdfs/articles/Issue-7011-Editorial.pdf,8017491,4165,ok,,articles-category-editorial-a-critique-of-sam-waldons-the-crux-of-the-free-offer-of-the-gospel-rev-martin-mcgeown
Issue-391-Editorial.pdf,pdfs/articles/Issue-391-Editorial.pdf,https://pub-011dc1a7faab4dbbafd9b3954e64f5f8.r2.dev/pdfs/articles/Issue-391-Editorial.pdf,2773800,3009,ok,,articles-category-editorial-justification-by-faith-alone
Issue-401-Editorial.pdf,pdfs/articles/Issue-401-Editorial.pdf,https://pub-011dc1a7faab4dbbafd9b3954e64f5f8.r2.dev/pdfs/articles/Issue-401-Editorial.pdf,4985651,2107,ok,,articles-category-editorial-more-on-baptism-1
Issue-6921-Dordts-Defence-of-the-Gospel.pdf,pdfs/articles/Issue-6921-Dordts-Defence-of-the-Gospel.pdf,https://pub-011dc1a7faab4dbbafd9b3954e64f5f8.r2.dev/pdfs/articles/Issue-6921-Dordts-Defence-of-the-Gospel.pdf,7690856,5630,ok,,articles-category-dordts-defence-of-the-gospel-rejection-of-errors
Issue-681-Editorial.pdf,pdfs/articles/Issue-681-Editorial.pdf,https://pub-011dc1a7faab4dbbafd9b3954e64f5f8.r2.dev/pdfs/articles/Issue-681-Editorial.pdf,7099985,5016,ok,,articles-category-editorial-answering-the-fool
Issue-491-Editorial.pdf,pdfs/articles/Issue-491-Editorial.pdf,https://pub-011dc1a7faab4dbbafd9b3954e64f5f8.r2.dev/pdfs/articles/Issue-491-Editorial.pdf,1379959,1239,ok,,articles-category-editorial-packing-it-all-in
Editorial-fprw.pdf,pdfs/articles/Editorial-fprw.pdf,https://pub-011dc1a7faab4dbbafd9b3954e64f5f8.r2.dev/pdfs/articles/Editorial-fprw.pdf,363208,1083,ok,,articles-category-editorial-paul-washers-miserable-doctrine-of-assurance
Issue-441-Editorial.pdf,pdfs/articles/Issue-441-Editorial.pdf,https://pub-011dc1a7faab4dbbafd9b3954e64f5f8.r2.dev/pdfs/articles/Issue-441-Editorial.pdf,7854066,4552,ok,,articles-category-editorial-marriage-amp-divorce
Issue-501-Editorial.pdf,pdfs/articles/Issue-501-Editorial.pdf,https://pub-011dc1a7faab4dbbafd9b3954e64f5f8.r2.dev/pdfs/articles/Issue-501-Editorial.pdf,3264186,2468,ok,,articles-category-editorial-the-love-of-the-truth
Issue-431-Editorial.pdf,pdfs/articles/Issue-431-Editorial.pdf,https://pub-011dc1a7faab4dbbafd9b3954e64f5f8.r2.dev/pdfs/articles/Issue-431-Editorial.pdf,7479189,3666,ok,,articles-category-editorial-more-on-baptism-4
Issue-411-Editorial.pdf,pdfs/articles/Issue-411-Editorial.pdf,https://pub-011dc1a7faab4dbbafd9b3954e64f5f8.r2.dev/pdfs/articles/Issue-411-Editorial.pdf,10216919,4666,ok,,articles-category-editorial-more-on-baptism-2
Issue-381-Editorial.pdf,pdfs/articles/Issue-381-Editorial.pdf,https://pub-011dc1a7faab4dbbafd9b3954e64f5f8.r2.dev/pdfs/articles/Issue-381-Editorial.pdf,3343322,2654,ok,,articles-category-editorial-why-churches-fail
Horatio-Spafford.pdf,pdfs/articles/Horatio-Spafford.pdf,https://pub-011dc1a7faab4dbbafd9b3954e64f5f8.r2.dev/pdfs/articles/Horatio-Spafford.pdf,319449,1091,ok,,articles-category-horatio-spafford-not-well-with-his-soul
Issue-671-Editorial.pdf,pdfs/articles/Issue-671-Editorial.pdf,https://pub-011dc1a7faab4dbbafd9b3954e64f5f8.r2.dev/pdfs/articles/Issue-671-Editorial.pdf,8353650,3970,ok,,articles-category-editorial-the-ongoing-necessity-of-reforming-the-church
Issue-691-Editorial.pdf,pdfs/articles/Issue-691-Editorial.pdf,https://pub-011dc1a7faab4dbbafd9b3954e64f5f8.r2.dev/pdfs/articles/Issue-691-Editorial.pdf,8748297,3639,ok,,articles-category-editorial-the-pastoral-value-of-the-canons-of-dordt
BRJ72lastdays.pdf,pdfs/articles/BRJ72lastdays.pdf,https://pub-011dc1a7faab4dbbafd9b3954e64f5f8.r2.dev/pdfs/articles/BRJ72lastdays.pdf,386959,1039,ok,,articles-category-john-calvin-on-the-last-days-in-ii-timothy-3
Issue-432-Cunningham-on.pdf,pdfs/articles/Issue-432-Cunningham-on.pdf,https://pub-011dc1a7faab4dbbafd9b3954e64f5f8.r2.dev/pdfs/articles/Issue-432-Cunningham-on.pdf,3631545,1386,ok,,articles-category-infant-baptism
Issue-349-Evaluating.pdf,pdfs/articles/Issue-349-Evaluating.pdf,https://pub-011dc1a7faab4dbbafd9b3954e64f5f8.r2.dev/pdfs/articles/Issue-349-Evaluating.pdf,5412597,3989,ok,,articles-category-evaluating-tamate-past-and-present-james-chalmers-1841-1901
Issue-364-Family-Conference.pdf,pdfs/articles/Issue-364-Family-Conference.pdf,https://pub-011dc1a7faab4dbbafd9b3954e64f5f8.r2.dev/pdfs/articles/Issue-364-Family-Conference.pdf,2977907,3397,ok,,articles-category-family-conference-2002
John-Calvin.pdf,pdfs/articles/John-Calvin.pdf,https://pub-011dc1a7faab4dbbafd9b3954e64f5f8.r2.dev/pdfs/articles/John-Calvin.pdf,264247,1180,ok,,articles-category-john-calvin-on-the-wonder-of-the-psalms
Issue-684-Gods-Universal-Church.pdf,pdfs/articles/Issue-684-Gods-Universal-Church.pdf,https://pub-011dc1a7faab4dbbafd9b3954e64f5f8.r2.dev/pdfs/articles/Issue-684-Gods-Universal-Church.pdf,2547059,3346,ok,,articles-category-gods-universal-church-a-report-on-the-2018-brf-conference
Issue-415-Keeping-Gods-Covenant.pdf,pdfs/articles/Issue-415-Keeping-Gods-Covenant.pdf,https://pub-011dc1a7faab4dbbafd9b3954e64f5f8.r2.dev/pdfs/articles/Issue-415-Keeping-Gods-Covenant.pdf,1916372,1104,ok,,articles-category-keeping-gods-covenant
Issue-583-James-and-Paul.pdf,pdfs/articles/Issue-583-James-and-Paul.pdf,https://pub-011dc1a7faab4dbbafd9b3954e64f5f8.r2.dev/pdfs/articles/Issue-583-James-and-Paul.pdf,2393706,2441,ok,,articles-category-james-and-paul-on-justification
Issue-465-Letters.pdf,pdfs/articles/Issue-465-Letters.pdf,https://pub-011dc1a7faab4dbbafd9b3954e64f5f8.r2.dev/pdfs/articles/Issue-465-Letters.pdf,4550097,1392,ok,,articles-category-letters-1
Issue-7031-House-Churchism2.pdf,pdfs/articles/Issue-7031-House-Churchism2.pdf,https://pub-011dc1a7faab4dbbafd9b3954e64f5f8.r2.dev/pdfs/articles/Issue-7031-House-Churchism2.pdf,7815657,4141,ok,,articles-category-house-churchism-an-ecclesiastical-panacea-or-poison-2
Issue-506-Letter-to-the-Editor.pdf,pdfs/articles/Issue-506-Letter-to-the-Editor.pdf,https://pub-011dc1a7faab4dbbafd9b3954e64f5f8.r2.dev/pdfs/articles/Issue-506-Letter-to-the-Editor.pdf,652023,2761,ok,,articles-category-letter-to-the-editor-2
Issue-396-Letter-to-the-Editor.pdf,pdfs/articles/Issue-396-Letter-to-the-Editor.pdf,https://pub-011dc1a7faab4dbbafd9b3954e64f5f8.r2.dev/pdfs/articles/Issue-396-Letter-to-the-Editor.pdf,1536481,3180,ok,,articles-category-letter-to-the-editor-1
neweditor.pdf,pdfs/articles/neweditor.pdf,https://pub-011dc1a7faab4dbbafd9b3954e64f5f8.r2.dev/pdfs/articles/neweditor.pdf,254762,1596,ok,,articles-category-new-editor
Issue-416-Letters.pdf,pdfs/articles/Issue-416-Letters.pdf,https://pub-011dc1a7faab4dbbafd9b3954e64f5f8.r2.dev/pdfs/articles/Issue-416-Letters.pdf,1336498,3025,ok,,articles-category-letters
Issue-672-Luther-Concerning-Rebaptism.pdf,pdfs/articles/Issue-672-Luther-Concerning-Rebaptism.pdf,https://pub-011dc1a7faab4dbbafd9b3954e64f5f8.r2.dev/pdfs/articles/Issue-672-Luther-Concerning-Rebaptism.pdf,7116770,2861,ok,,articles-category-luther-concerning-rebaptism
Issue-392-Of-Catechising.pdf,pdfs/articles/Issue-392-Of-Catechising.pdf,https://pub-011dc1a7faab4dbbafd9b3954e64f5f8.r2.dev/pdfs/articles/Issue-392-Of-Catechising.pdf,578699,1832,ok,,articles-category-of-catechising-amp-covenant-faithfulness
Issue-434-John-Knoxs-Life.pdf,pdfs/articles/Issue-434-John-Knoxs-Life.pdf,https://pub-011dc1a7faab4dbbafd9b3954e64f5f8.r2.dev/pdfs/articles/Issue-434-John-Knoxs-Life.pdf,7083451,4596,ok,,articles-category-john-knoxs-life-amp-early-writings
Our-Covenant-God1.pdf,pdfs/articles/Our-Covenant-God1.pdf,https://pub-011dc1a7faab4dbbafd9b3954e64f5f8.r2.dev/pdfs/articles/Our-Covenant-God1.pdf,279437,1164,ok,,articles-category-our-covenant-god-friend-husband-and-father-1
BRJ71pandemic.pdf,pdfs/articles/BRJ71pandemic.pdf,https://pub-011dc1a7faab4dbbafd9b3954e64f5f8.r2.dev/pdfs/articles/BRJ71pandemic.pdf,281288,939,ok,,articles-category-pandemic-weariness
Our-Covenant-God2.pdf,pdfs/articles/Our-Covenant-God2.pdf,https://pub-011dc1a7faab4dbbafd9b3954e64f5f8.r2.dev/pdfs/articles/Our-Covenant-God2.pdf,265546,1629,ok,,articles-category-our-covenant-god-friend-husband-and-father-2
Issue-412-Of-Infant-Baptism.pdf,pdfs/articles/Issue-412-Of-Infant-Baptism.pdf,https://pub-011dc1a7faab4dbbafd9b3954e64f5f8.r2.dev/pdfs/articles/Issue-412-Of-Infant-Baptism.pdf,3606539,2223,ok,,articles-category-of-infant-baptism
Issue-702-Martin-Luther3.pdf,pdfs/articles/Issue-702-Martin-Luther3.pdf,https://pub-011dc1a7faab4dbbafd9b3954e64f5f8.r2.dev/pdfs/articles/Issue-702-Martin-Luther3.pdf,6445566,3502,ok,,articles-category-martin-luther-and-gods-saving-righteousness-3
Issue-502-Personal-Reflection.pdf,pdfs/articles/Issue-502-Personal-Reflection.pdf,https://pub-011dc1a7faab4dbbafd9b3954e64f5f8.r2.dev/pdfs/articles/Issue-502-Personal-Reflection.pdf,1653086,1125,ok,,articles-category-personal-reflection-on-the-2008-brf-conference
Spiritual-Gifts.pdf,pdfs/articles/Spiritual-Gifts.pdf,https://pub-011dc1a7faab4dbbafd9b3954e64f5f8.r2.dev/pdfs/articles/Spiritual-Gifts.pdf,246821,924,ok,,articles-category-spiritual-gifts
BRJ71belgicreview.pdf,pdfs/articles/BRJ71belgicreview.pdf,https://pub-011dc1a7faab4dbbafd9b3954e64f5f8.r2.dev/pdfs/articles/BRJ71belgicreview.pdf,283797,1100,ok,,articles-category-the-belgic-a-confession-of-the-gospel-in-all-its-riches
Issue-481-Editorial.pdf,pdfs/articles/Issue-481-Editorial.pdf,https://pub-011dc1a7faab4dbbafd9b3954e64f5f8.r2.dev/pdfs/articles/Issue-481-Editorial.pdf,4902281,1310,ok,,articles-category-the-editorial-except-it-be-for-fornication
Issue-347-Separate-Powers.pdf,pdfs/articles/Issue-347-Separate-Powers.pdf,https://pub-011dc1a7faab4dbbafd9b3954e64f5f8.r2.dev/pdfs/articles/Issue-347-Separate-Powers.pdf,1998753,2332,ok,,articles-category-separate-powers-and-complementary-ministries
Issue-682-Our-Covenant-God3.pdf,pdfs/articles/Issue-682-Our-Covenant-God3.pdf,https://pub-011dc1a7faab4dbbafd9b3954e64f5f8.r2.dev/pdfs/articles/Issue-682-Our-Covenant-God3.pdf,7531674,4173,ok,,articles-category-our-covenant-god-friend-husband-and-father-3
BRJ72offer.pdf,pdfs/articles/BRJ72offer.pdf,https://pub-011dc1a7faab4dbbafd9b3954e64f5f8.r2.dev/pdfs/articles/BRJ72offer.pdf,418702,1759,ok,,articles-category-the-offer-of-grace-in-the-westminster-standards
Issue395-TheControversy1-combined.pdf,pdfs/articles/Issue395-TheControversy1-combined.pdf,https://pub-011dc1a7faab4dbbafd9b3954e64f5f8.r2.dev/pdfs/articles/Issue395-TheControversy1-combined.pdf,14619124,3226,ok,,articles-category-the-controversy-over-exclusive-psalmody
Issue-694-Our-Covenant-God4.pdf,pdfs/articles/Issue-694-Our-Covenant-God4.pdf,https://pub-011dc1a7faab4dbbafd9b3954e64f5f8.r2.dev/pdfs/articles/Issue-694-Our-Covenant-God4.pdf,10259305,4930,ok,,articles-category-our-covenant-god-friend-husband-and-father-4
BRJ73marxolevianus.pdf,pdfs/articles/BRJ73marxolevianus.pdf,https://pub-011dc1a7faab4dbbafd9b3954e64f5f8.r2.dev/pdfs/articles/BRJ73marxolevianus.pdf,363538,969,ok,,articles-category-two-men-from-trier-karl-marx-and-communism-and-caspar-olevianus-and-the-heidelberg-catechism
BRJ71unfoldingreview.pdf,pdfs/articles/BRJ71unfoldingreview.pdf,https://pub-011dc1a7faab4dbbafd9b3954e64f5f8.r2.dev/pdfs/articles/BRJ71unfoldingreview.pdf,323865,1175,ok,,articles-category-unfolding-covenant-history-volume-6-a-review
Issue-363-The-Image-of-God.pdf,pdfs/articles/Issue-363-The-Image-of-God.pdf,https://pub-011dc1a7faab4dbbafd9b3954e64f5f8.r2.dev/pdfs/articles/Issue-363-The-Image-of-God.pdf,5859166,4533,ok,,articles-category-the-image-of-god-in-man-a-reformed-reassessment-1
BRJ-07-July-Sept-1994-The-Free-Offer-Controversy.pdf,pdfs/articles/BRJ-07-July-Sept-1994-The-Free-Offer-Controversy.pdf,https://pub-011dc1a7faab4dbbafd9b3954e64f5f8.r2.dev/pdfs/articles/BRJ-07-July-Sept-1994-The-Free-Offer-Controversy.pdf,364875,1085,ok,,british-reformed-journal-issue-07-july-september-1994-the-qfree-offerq-controversy
brj01janmar93-06-calvinism-and-preaching01.pdf,pdfs/articles/brj01janmar93-06-calvinism-and-preaching01.pdf,https://pub-011dc1a7faab4dbbafd9b3954e64f5f8.r2.dev/pdfs/articles/brj01janmar93-06-calvinism-and-preaching01.pdf,466800,904,ok,,british-reformed-journal-issue-1-january-march-1993-calvinism-and-preaching-1-total-depravity
Issue-373-The-Image-of.pdf,pdfs/articles/Issue-373-The-Image-of.pdf,https://pub-011dc1a7faab4dbbafd9b3954e64f5f8.r2.dev/pdfs/articles/Issue-373-The-Image-of.pdf,9267679,4682,ok,,articles-category-the-image-of-god-in-man-a-reformed-reassessment-2
Issue-383-The-Image-of.pdf,pdfs/articles/Issue-383-The-Image-of.pdf,https://pub-011dc1a7faab4dbbafd9b3954e64f5f8.r2.dev/pdfs/articles/Issue-383-The-Image-of.pdf,9510013,4376,ok,,articles-category-the-image-of-god-in-man-a-reformed-reassessment-3
fivepoints.pdf,pdfs/articles/fivepoints.pdf,https://pub-011dc1a7faab4dbbafd9b3954e64f5f8.r2.dev/pdfs/articles/fivepoints.pdf,355010,1789,ok,,books-a-pamphlets-books-the-five-points-of-calvinism
brj01janmar93-05-who-was-john-calvin.pdf,pdfs/articles/brj01janmar93-05-who-was-john-calvin.pdf,https://pub-011dc1a7faab4dbbafd9b3954e64f5f8.r2.dev/pdfs/articles/brj01janmar93-05-who-was-john-calvin.pdf,453935,989,ok,,british-reformed-journal-issue-1-january-march-1993-who-was-john-calvin
Issue-584-The-Resurrection-of-a.pdf,pdfs/articles/Issue-584-The-Resurrection-of-a.pdf,https://pub-011dc1a7faab4dbbafd9b3954e64f5f8.r2.dev/pdfs/articles/Issue-584-The-Resurrection-of-a.pdf,14909280,4782,ok,,articles-category-the-resurrection-of-a-french-heresy-joshua-de-la-places-denial-of-the-immediate-imputation-of-adams-sin-to-his-posterity-2
brj01janmar93-02-why-another-journal.pdf,pdfs/articles/brj01janmar93-02-why-another-journal.pdf,https://pub-011dc1a7faab4dbbafd9b3954e64f5f8.r2.dev/pdfs/articles/brj01janmar93-02-why-another-journal.pdf,239128,1497,ok,,british-reformed-journal-issue-1-january-march-1993-why-another-reformed-journal
brj02aprjune93-04-calvinism-and-preaching02-1.pdf,pdfs/articles/brj02aprjune93-04-calvinism-and-preaching02-1.pdf,https://pub-011dc1a7faab4dbbafd9b3954e64f5f8.r2.dev/pdfs/articles/brj02aprjune93-04-calvinism-and-preaching02-1.pdf,445947,1832,ok,,british-reformed-journal-issue-2-april-june-1993-calvinism-and-preaching-2-unconditional-election
brj02aprjune93-06-development-of-covenant01.pdf,pdfs/articles/brj02aprjune93-06-development-of-covenant01.pdf,https://pub-011dc1a7faab4dbbafd9b3954e64f5f8.r2.dev/pdfs/articles/brj02aprjune93-06-development-of-covenant01.pdf,724187,1997,ok,,british-reformed-journal-issue-2-april-june-1993-the-development-of-the-covenant-of-grace-1-the-idea-of-the-covenant-1
Issue-582-What-about-Israel-2.pdf,pdfs/articles/Issue-582-What-about-Israel-2.pdf,https://pub-011dc1a7faab4dbbafd9b3954e64f5f8.r2.dev/pdfs/articles/Issue-582-What-about-Israel-2.pdf,7038157,4063,ok,,articles-category-what-about-israel-2
brj01janmar93-04-personal-reflections01.pdf,pdfs/articles/brj01janmar93-04-personal-reflections01.pdf,https://pub-011dc1a7faab4dbbafd9b3954e64f5f8.r2.dev/pdfs/articles/brj01janmar93-04-personal-reflections01.pdf,655247,2725,ok,,british-reformed-journal-issue-1-january-march-1993-why-another-reformed-journal-2
brj02aprjune93-03-who-was-john-knox-8apj.pdf,pdfs/articles/brj02aprjune93-03-who-was-john-knox-8apj.pdf,https://pub-011dc1a7faab4dbbafd9b3954e64f5f8.r2.dev/pdfs/articles/brj02aprjune93-03-who-was-john-knox-8apj.pdf,457074,943,ok,,british-reformed-journal-issue-2-april-june-1993-who-was-john-knox
brj02aprjune93-01-sin-and-its-consequences-jr3w.pdf,pdfs/articles/brj02aprjune93-01-sin-and-its-consequences-jr3w.pdf,https://pub-011dc1a7faab4dbbafd9b3954e64f5f8.r2.dev/pdfs/articles/brj02aprjune93-01-sin-and-its-consequences-jr3w.pdf,221703,2435,ok,,british-reformed-journal-issue-2-april-june-1993-sin-and-its-consequences
brj02aprjune93-05-wcf-chapter2-kae3.pdf,pdfs/articles/brj02aprjune93-05-wcf-chapter2-kae3.pdf,https://pub-011dc1a7faab4dbbafd9b3954e64f5f8.r2.dev/pdfs/articles/brj02aprjune93-05-wcf-chapter2-kae3.pdf,635666,1918,ok,,british-reformed-journal-issue-2-april-june-1993-westminster-confession-of-faith-ch-2-god-and-the-holy-trinity
brj02aprjune93-07-measbro-dyke.pdf,pdfs/articles/brj02aprjune93-07-measbro-dyke.pdf,https://pub-011dc1a7faab4dbbafd9b3954e64f5f8.r2.dev/pdfs/articles/brj02aprjune93-07-measbro-dyke.pdf,471823,2672,ok,,british-reformed-journal-issue-2-april-june-1993-the-work-of-the-measbro-dyke-congregation-in-barnsley
brj03julysept93-07-edgbaston-reformed-church.pdf,pdfs/articles/brj03julysept93-07-edgbaston-reformed-church.pdf,https://pub-011dc1a7faab4dbbafd9b3954e64f5f8.r2.dev/pdfs/articles/brj03julysept93-07-edgbaston-reformed-church.pdf,248252,998,ok,,british-reformed-journal-issue-3-july-september-1993-edgbaston-reformed-church
spanish_adoption.pdf,pdfs/articles/spanish_adoption.pdf,https://pub-011dc1a7faab4dbbafd9b3954e64f5f8.r2.dev/pdfs/articles/spanish_adoption.pdf,455994,1506,ok,,british-reformed-journal-issue-25-january-march-1999-adoption-a-theological-exposition-of-a-neglected-doctrine
brj03julysept93-05-bookreview-bkzr.pdf,pdfs/articles/brj03julysept93-05-bookreview-bkzr.pdf,https://pub-011dc1a7faab4dbbafd9b3954e64f5f8.r2.dev/pdfs/articles/brj03julysept93-05-bookreview-bkzr.pdf,797777,1127,ok,,british-reformed-journal-issue-3-july-september-1993-francis-turretin-institutes-of-elenctic-theology
brj03julysept93-09-forthcoming-events-gr2z.pdf,pdfs/articles/brj03julysept93-09-forthcoming-events-gr2z.pdf,https://pub-011dc1a7faab4dbbafd9b3954e64f5f8.r2.dev/pdfs/articles/brj03julysept93-09-forthcoming-events-gr2z.pdf,128819,1211,ok,,british-reformed-journal-issue-3-july-september-1993-forthcoming-events
brj03julysept93-10-correspondence-69da.pdf,pdfs/articles/brj03julysept93-10-correspondence-69da.pdf,https://pub-011dc1a7faab4dbbafd9b3954e64f5f8.r2.dev/pdfs/articles/brj03julysept93-10-correspondence-69da.pdf,348762,1720,ok,,british-reformed-journal-issue-3-july-september-1993-correspondence-2
brj03julysept93-01-robust-christianity-wp7j.pdf,pdfs/articles/brj03julysept93-01-robust-christianity-wp7j.pdf,https://pub-011dc1a7faab4dbbafd9b3954e64f5f8.r2.dev/pdfs/articles/brj03julysept93-01-robust-christianity-wp7j.pdf,248459,995,ok,,british-reformed-journal-issue-3-july-september-1993-robust-christianity
brj03julysept93-02-what-is-calvinism-lcew.pdf,pdfs/articles/brj03julysept93-02-what-is-calvinism-lcew.pdf,https://pub-011dc1a7faab4dbbafd9b3954e64f5f8.r2.dev/pdfs/articles/brj03julysept93-02-what-is-calvinism-lcew.pdf,360120,984,ok,,british-reformed-journal-issue-3-july-september-1993-what-is-calvinism
spanish_calvinvsdarwin.pdf,pdfs/articles/spanish_calvinvsdarwin.pdf,https://pub-011dc1a7faab4dbbafd9b3954e64f5f8.r2.dev/pdfs/articles/spanish_calvinvsdarwin.pdf,553354,1089,ok,,british-reformed-journal-issue-51-autumnwinter-2009-calvin-versus-darwin-anniversaries-origins-and-world-views-1
brj03julysept93-06-calvin-weekly-sabbath01.pdf,pdfs/articles/brj03julysept93-06-calvin-weekly-sabbath01.pdf,https://pub-011dc1a7faab4dbbafd9b3954e64f5f8.r2.dev/pdfs/articles/brj03julysept93-06-calvin-weekly-sabbath01.pdf,615560,2764,ok,,british-reformed-journal-issue-3-july-september-1993-calvin-on-the-weekly-christian-sabbath-1
brj03julysept93-04-development-of-covenant02-ccsc.pdf,pdfs/articles/brj03julysept93-04-development-of-covenant02-ccsc.pdf,https://pub-011dc1a7faab4dbbafd9b3954e64f5f8.r2.dev/pdfs/articles/brj03julysept93-04-development-of-covenant02-ccsc.pdf,668730,1727,ok,,british-reformed-journal-issue-3-july-september-1993-the-development-of-the-covenant-of-grace-2-the-idea-of-the-covenant-2
Correspondence0001-x677.pdf,pdfs/articles/Correspondence0001-x677.pdf,https://pub-011dc1a7faab4dbbafd9b3954e64f5f8.r2.dev/pdfs/articles/Correspondence0001-x677.pdf,2326825,1009,ok,,category-0mnpge2spk494o8hyg3tn7bm9porpe
brj03julysept93-08-halfday-convention-rhh8.pdf,pdfs/articles/brj03julysept93-08-halfday-convention-rhh8.pdf,https://pub-011dc1a7faab4dbbafd9b3954e64f5f8.r2.dev/pdfs/articles/brj03julysept93-08-halfday-convention-rhh8.pdf,258753,2250,ok,,british-reformed-journal-issue-3-july-september-1993-half-day-convention-in-lewes
BRJ-10-Apr-June-1995-Man-as-Evangelised.pdf,pdfs/articles/BRJ-10-Apr-June-1995-Man-as-Evangelised.pdf,https://pub-011dc1a7faab4dbbafd9b3954e64f5f8.r2.dev/pdfs/articles/BRJ-10-Apr-June-1995-Man-as-Evangelised.pdf,994664,2104,ok,,category-08ujf2ok9h87mh5g7n2ixgwnv92lsw
Northern-Irelands-New-Reformed-Church0001.pdf,pdfs/articles/Northern-Irelands-New-Reformed-Church0001.pdf,https://pub-011dc1a7faab4dbbafd9b3954e64f5f8.r2.dev/pdfs/articles/Northern-Irelands-New-Reformed-Church0001.pdf,1642450,2326,ok,,category-6ff5yqy0kw8zfu7bjjbt99flloh3f0
Issue-315-75-Years.pdf,pdfs/articles/Issue-315-75-Years.pdf,https://pub-011dc1a7faab4dbbafd9b3954e64f5f8.r2.dev/pdfs/articles/Issue-315-75-Years.pdf,2482638,2490,ok,,category-75-years-our-goodly-heritage-preserved
Biblical-Theology-A-Review-and-Application.pdf,pdfs/articles/Biblical-Theology-A-Review-and-Application.pdf,https://pub-011dc1a7faab4dbbafd9b3954e64f5f8.r2.dev/pdfs/articles/Biblical-Theology-A-Review-and-Application.pdf,4366166,3436,ok,,category-2orjsxyeg1z3ihfoxt9vnvslvkouqf
BRJ-10-Apr-June-1995-Correspondance.pdf,pdfs/articles/BRJ-10-Apr-June-1995-Correspondance.pdf,https://pub-011dc1a7faab4dbbafd9b3954e64f5f8.r2.dev/pdfs/articles/BRJ-10-Apr-June-1995-Correspondance.pdf,487146,3077,ok,,category-6cc16hm3h4xwixuf1qhubp3f671fo8
BRF-Family-Holiday-Conference0001.pdf,pdfs/articles/BRF-Family-Holiday-Conference0001.pdf,https://pub-011dc1a7faab4dbbafd9b3954e64f5f8.r2.dev/pdfs/articles/BRF-Family-Holiday-Conference0001.pdf,6884089,4302,ok,,category-0k1h3d4fk6lbqz73ipvniuteo6mr4p
Does-God-Love-Everyone0001.pdf,pdfs/articles/Does-God-Love-Everyone0001.pdf,https://pub-011dc1a7faab4dbbafd9b3954e64f5f8.r2.dev/pdfs/articles/Does-God-Love-Everyone0001.pdf,9409669,2657,ok,,category-75ea3ze4uwp76f9e2zbfku3puzb4j9
Correspondence-A-Matter-of-Controversy0001.pdf,pdfs/articles/Correspondence-A-Matter-of-Controversy0001.pdf,https://pub-011dc1a7faab4dbbafd9b3954e64f5f8.r2.dev/pdfs/articles/Correspondence-A-Matter-of-Controversy0001.pdf,5035718,1315,ok,,category-95sznybjbpt8u723rlbgajeqinofpd
BRJ60trichotomy.pdf,pdfs/articles/BRJ60trichotomy.pdf,https://pub-011dc1a7faab4dbbafd9b3954e64f5f8.r2.dev/pdfs/articles/BRJ60trichotomy.pdf,280250,1090,ok,,category-a-critique-of-the-trichotomous-view-of-human-nature-1
John-Owen-Progressive-Presbyterianism0001.pdf,pdfs/articles/John-Owen-Progressive-Presbyterianism0001.pdf,https://pub-011dc1a7faab4dbbafd9b3954e64f5f8.r2.dev/pdfs/articles/John-Owen-Progressive-Presbyterianism0001.pdf,7832361,4189,ok,,category-653ygslazpszrscm1scz3mwm35dp5q
BRJ61trichotomy.pdf,pdfs/articles/BRJ61trichotomy.pdf,https://pub-011dc1a7faab4dbbafd9b3954e64f5f8.r2.dev/pdfs/articles/BRJ61trichotomy.pdf,255346,1135,ok,,category-a-critique-of-the-trichotomous-view-of-human-nature-2
Presbyterianism-and-Independency0001.pdf,pdfs/articles/Presbyterianism-and-Independency0001.pdf,https://pub-011dc1a7faab4dbbafd9b3954e64f5f8.r2.dev/pdfs/articles/Presbyterianism-and-Independency0001.pdf,12168949,4110,ok,,category-6hq1ghoztkexr9yd79vjjdvxlbowpp
BRJ59preaching.pdf,pdfs/articles/BRJ59preaching.pdf,https://pub-011dc1a7faab4dbbafd9b3954e64f5f8.r2.dev/pdfs/articles/BRJ59preaching.pdf,200818,1805,ok,,category-a-definition-of-gospel-preaching-calvinistic-or-arminian
BRJ-08-Oct-Dec-1994-Visit-to-Edinburgh.pdf,pdfs/articles/BRJ-08-Oct-Dec-1994-Visit-to-Edinburgh.pdf,https://pub-011dc1a7faab4dbbafd9b3954e64f5f8.r2.dev/pdfs/articles/BRJ-08-Oct-Dec-1994-Visit-to-Edinburgh.pdf,991368,1049,ok,,category-a-visit-to-edinburgh
Issue-242-A-Matter-of-Concern.pdf,pdfs/articles/Issue-242-A-Matter-of-Concern.pdf,https://pub-011dc1a7faab4dbbafd9b3954e64f5f8.r2.dev/pdfs/articles/Issue-242-A-Matter-of-Concern.pdf,4397924,2642,ok,,category-a-matter-of-concern-1
Issue-321-A-Matter.pdf,pdfs/articles/Issue-321-A-Matter.pdf,https://pub-011dc1a7faab4dbbafd9b3954e64f5f8.r2.dev/pdfs/articles/Issue-321-A-Matter.pdf,807742,2208,ok,,category-a-matter-of-copyrights
Issue-217-Americas.pdf,pdfs/articles/Issue-217-Americas.pdf,https://pub-011dc1a7faab4dbbafd9b3954e64f5f8.r2.dev/pdfs/articles/Issue-217-Americas.pdf,3370811,1028,ok,,category-americas-declining-fundamentalism-a-critical-review
BRJ55adultery.pdf,pdfs/articles/BRJ55adultery.pdf,https://pub-011dc1a7faab4dbbafd9b3954e64f5f8.r2.dev/pdfs/articles/BRJ55adultery.pdf,179451,1263,ok,,category-adultery-does-it-break-the-marriage-bond-3
Issue-322-A-Word-of.pdf,pdfs/articles/Issue-322-A-Word-of.pdf,https://pub-011dc1a7faab4dbbafd9b3954e64f5f8.r2.dev/pdfs/articles/Issue-322-A-Word-of.pdf,1550710,2248,ok,,category-a-word-of-appreciationrev-ron-hanko
BRJ-35-Autumn-2002-reformed-ecumenicity.pdf,pdfs/articles/BRJ-35-Autumn-2002-reformed-ecumenicity.pdf,https://pub-011dc1a7faab4dbbafd9b3954e64f5f8.r2.dev/pdfs/articles/BRJ-35-Autumn-2002-reformed-ecumenicity.pdf,551083,2608,ok,,category-a-special-essay-for-reformed-ecumenicity-a-covenantal-solution-to-controversy
Issue-252-A-Matter-of-Concern.pdf,pdfs/articles/Issue-252-A-Matter-of-Concern.pdf,https://pub-011dc1a7faab4dbbafd9b3954e64f5f8.r2.dev/pdfs/articles/Issue-252-A-Matter-of-Concern.pdf,6989187,3477,ok,,category-a-matter-of-concern-2
Issue-342-Are-You.pdf,pdfs/articles/Issue-342-Are-You.pdf,https://pub-011dc1a7faab4dbbafd9b3954e64f5f8.r2.dev/pdfs/articles/Issue-342-Are-You.pdf,252759,1030,ok,,category-are-you-an-active-member
BRJ55assurance.pdf,pdfs/articles/BRJ55assurance.pdf,https://pub-011dc1a7faab4dbbafd9b3954e64f5f8.r2.dev/pdfs/articles/BRJ55assurance.pdf,222532,942,ok,,category-assurance-and-good-works-in-the-three-forms-of-unity
BRJ-09-Jan-Mar-1995-amyraldianism.pdf,pdfs/articles/BRJ-09-Jan-Mar-1995-amyraldianism.pdf,https://pub-011dc1a7faab4dbbafd9b3954e64f5f8.r2.dev/pdfs/articles/BRJ-09-Jan-Mar-1995-amyraldianism.pdf,766949,2064,ok,,category-amyrauldianism-historical-amp-contemporary
Issue-233-A-Matter-of-Concern.pdf,pdfs/articles/Issue-233-A-Matter-of-Concern.pdf,https://pub-011dc1a7faab4dbbafd9b3954e64f5f8.r2.dev/pdfs/articles/Issue-233-A-Matter-of-Concern.pdf,8774738,4392,ok,,category-a-matter-of-concern
BRJ64bannedbyET.pdf,pdfs/articles/BRJ64bannedbyET.pdf,https://pub-011dc1a7faab4dbbafd9b3954e64f5f8.r2.dev/pdfs/articles/BRJ64bannedbyET.pdf,253267,1007,ok,,category-banned-by-the-evangelical-times
brj04octdec93-02-apologetics-bkmf.pdf,pdfs/articles/brj04octdec93-02-apologetics-bkmf.pdf,https://pub-011dc1a7faab4dbbafd9b3954e64f5f8.r2.dev/pdfs/articles/brj04octdec93-02-apologetics-bkmf.pdf,393134,2471,ok,,category-apologetics
BRJ-07-July-Sept-1994-Arminianism-Road-to-Rome.pdf,pdfs/articles/BRJ-07-July-Sept-1994-Arminianism-Road-to-Rome.pdf,https://pub-011dc1a7faab4dbbafd9b3954e64f5f8.r2.dev/pdfs/articles/BRJ-07-July-Sept-1994-Arminianism-Road-to-Rome.pdf,988970,2090,ok,,category-arminianism-the-road-to-rome
Annual-General-Meeting-Secretary-Report-1.pdf,pdfs/articles/Annual-General-Meeting-Secretary-Report-1.pdf,https://pub-011dc1a7faab4dbbafd9b3954e64f5f8.r2.dev/pdfs/articles/Annual-General-Meeting-Secretary-Report-1.pdf,922623,2828,ok,,category-annual-general-meeting-report
portuguese_unionwithChristforeword.pdf,pdfs/articles/portuguese_unionwithChristforeword.pdf,https://pub-011dc1a7faab4dbbafd9b3954e64f5f8.r2.dev/pdfs/articles/portuguese_unionwithChristforeword.pdf,86183,997,ok,,category-be-ye-holy-2g2e3-j4w2g
BRJ-09-Jan-Mar-1995-baptism-mode-4.pdf,pdfs/articles/BRJ-09-Jan-Mar-1995-baptism-mode-4.pdf,https://pub-011dc1a7faab4dbbafd9b3954e64f5f8.r2.dev/pdfs/articles/BRJ-09-Jan-Mar-1995-baptism-mode-4.pdf,331221,1636,ok,,category-baptism-its-mode-4-acts-of-the-apostles
BRJ56fvreview.pdf,pdfs/articles/BRJ56fvreview.pdf,https://pub-011dc1a7faab4dbbafd9b3954e64f5f8.r2.dev/pdfs/articles/BRJ56fvreview.pdf,180374,1032,ok,,category-book-review-federal-vision
BRJ-08-Oct-Dec-1994-Book-Review-A-Watered-Garden.pdf,pdfs/articles/BRJ-08-Oct-Dec-1994-Book-Review-A-Watered-Garden.pdf,https://pub-011dc1a7faab4dbbafd9b3954e64f5f8.r2.dev/pdfs/articles/BRJ-08-Oct-Dec-1994-Book-Review-A-Watered-Garden.pdf,905203,2097,ok,,category-book-review-1
BRJ63joyunspeakable.pdf,pdfs/articles/BRJ63joyunspeakable.pdf,https://pub-011dc1a7faab4dbbafd9b3954e64f5f8.r2.dev/pdfs/articles/BRJ63joyunspeakable.pdf,304385,2433,ok,,category-book-review-article
Issue-255-Book-Review.pdf,pdfs/articles/Issue-255-Book-Review.pdf,https://pub-011dc1a7faab4dbbafd9b3954e64f5f8.r2.dev/pdfs/articles/Issue-255-Book-Review.pdf,5207669,2820,ok,,category-book-review-2
John-Kennedy-of-Dingwall0001.pdf,pdfs/articles/John-Kennedy-of-Dingwall0001.pdf,https://pub-011dc1a7faab4dbbafd9b3954e64f5f8.r2.dev/pdfs/articles/John-Kennedy-of-Dingwall0001.pdf,6127788,3292,ok,,category-bnurmsqki1i6yo3bzeolsjz5headtz
Issue-423-Anatomy-of.pdf,pdfs/articles/Issue-423-Anatomy-of.pdf,https://pub-011dc1a7faab4dbbafd9b3954e64f5f8.r2.dev/pdfs/articles/Issue-423-Anatomy-of.pdf,10958889,5754,ok,,category-anatomy-of-a-revival-3
BRJ76bookreview.pdf,pdfs/articles/BRJ76bookreview.pdf,https://pub-011dc1a7faab4dbbafd9b3954e64f5f8.r2.dev/pdfs/articles/BRJ76bookreview.pdf,190583,2320,ok,,category-book-review-god-is-impassible-and-impassioned
Issue-306-Book-Review.pdf,pdfs/articles/Issue-306-Book-Review.pdf,https://pub-011dc1a7faab4dbbafd9b3954e64f5f8.r2.dev/pdfs/articles/Issue-306-Book-Review.pdf,2098047,3222,ok,,category-book-review-3
BRJ-09-Jan-Mar-1995-book-review-ks6d.pdf,pdfs/articles/BRJ-09-Jan-Mar-1995-book-review-ks6d.pdf,https://pub-011dc1a7faab4dbbafd9b3954e64f5f8.r2.dev/pdfs/articles/BRJ-09-Jan-Mar-1995-book-review-ks6d.pdf,168839,2216,ok,,category-book-review-nolans-inquiry-into-the-integrity-of-the-received-text
Issue226-BookReviews-5.pdf,pdfs/articles/Issue226-BookReviews-5.pdf,https://pub-011dc1a7faab4dbbafd9b3954e64f5f8.r2.dev/pdfs/articles/Issue226-BookReviews-5.pdf,891519,990,ok,,category-book-reviews-1-g9nem
BRJ61creedsreview.pdf,pdfs/articles/BRJ61creedsreview.pdf,https://pub-011dc1a7faab4dbbafd9b3954e64f5f8.r2.dev/pdfs/articles/BRJ61creedsreview.pdf,221920,1136,ok,,category-book-review
Issue-265-Book-Reviews.pdf,pdfs/articles/Issue-265-Book-Reviews.pdf,https://pub-011dc1a7faab4dbbafd9b3954e64f5f8.r2.dev/pdfs/articles/Issue-265-Book-Reviews.pdf,4167228,1501,ok,,category-book-reviews-2
Issue-226-Book-Reviews.pdf,pdfs/articles/Issue-226-Book-Reviews.pdf,https://pub-011dc1a7faab4dbbafd9b3954e64f5f8.r2.dev/pdfs/articles/Issue-226-Book-Reviews.pdf,4562771,1695,ok,,category-book-reviews-1
Copy-of-BRJ-05-Jan-Mar-1994-pages-7-pages-2.pdf,pdfs/articles/Copy-of-BRJ-05-Jan-Mar-1994-pages-7-pages-2.pdf,https://pub-011dc1a7faab4dbbafd9b3954e64f5f8.r2.dev/pdfs/articles/Copy-of-BRJ-05-Jan-Mar-1994-pages-7-pages-2.pdf,983272,1073,ok,,category-book-reviews
Issue-424-Book-Review.pdf,pdfs/articles/Issue-424-Book-Review.pdf,https://pub-011dc1a7faab4dbbafd9b3954e64f5f8.r2.dev/pdfs/articles/Issue-424-Book-Review.pdf,2657608,2497,ok,,category-book-review-the-reading-and-preaching-of-the-scriptures-vol5
Issue-326-Book-Review.pdf,pdfs/articles/Issue-326-Book-Review.pdf,https://pub-011dc1a7faab4dbbafd9b3954e64f5f8.r2.dev/pdfs/articles/Issue-326-Book-Review.pdf,4396499,3244,ok,,category-book-review-portraits-of-faithful-saints
brj04octdec93-06-calvin-weekly-sabbath02-s482.pdf,pdfs/articles/brj04octdec93-06-calvin-weekly-sabbath02-s482.pdf,https://pub-011dc1a7faab4dbbafd9b3954e64f5f8.r2.dev/pdfs/articles/brj04octdec93-06-calvin-weekly-sabbath02-s482.pdf,457908,985,ok,,category-calvin-on-the-weekly-sabbath-2
BRJ-35-Autumn-2002-book-reviews.pdf,pdfs/articles/BRJ-35-Autumn-2002-book-reviews.pdf,https://pub-011dc1a7faab4dbbafd9b3954e64f5f8.r2.dev/pdfs/articles/BRJ-35-Autumn-2002-book-reviews.pdf,416069,2458,ok,,category-book-reviews-particular-grace-by-abraham-kuyper-amp-redeem-the-time-by-steve-griffiths
Issue276-BookReviews-2.pdf,pdfs/articles/Issue276-BookReviews-2.pdf,https://pub-011dc1a7faab4dbbafd9b3954e64f5f8.r2.dev/pdfs/articles/Issue276-BookReviews-2.pdf,1901696,3093,ok,,category-book-reviews-3-de9rl
Issue276-BookReviews-1.pdf,pdfs/articles/Issue276-BookReviews-1.pdf,https://pub-011dc1a7faab4dbbafd9b3954e64f5f8.r2.dev/pdfs/articles/Issue276-BookReviews-1.pdf,1982704,3106,ok,,category-book-reviews-3
Correspondence-oq29.pdf,pdfs/articles/Correspondence-oq29.pdf,https://pub-011dc1a7faab4dbbafd9b3954e64f5f8.r2.dev/pdfs/articles/Correspondence-oq29.pdf,1369179,1860,ok,,category-c
Copy-of-BRJ-05-Jan-Mar-1994-pages-7.pdf,pdfs/articles/Copy-of-BRJ-05-Jan-Mar-1994-pages-7.pdf,https://pub-011dc1a7faab4dbbafd9b3954e64f5f8.r2.dev/pdfs/articles/Copy-of-BRJ-05-Jan-Mar-1994-pages-7.pdf,1162714,2109,ok,,category-british-reformed-fellowship-family-conferences
brj04octdec93-07-calvinism-and-preaching03-52e5.pdf,pdfs/articles/brj04octdec93-07-calvinism-and-preaching03-52e5.pdf,https://pub-011dc1a7faab4dbbafd9b3954e64f5f8.r2.dev/pdfs/articles/brj04octdec93-07-calvinism-and-preaching03-52e5.pdf,400777,1674,ok,,category-calvinism-and-preaching-3-limited-atonement
BRJ-06-Apr-June-1994-calvinism-and-preaching.pdf,pdfs/articles/BRJ-06-Apr-June-1994-calvinism-and-preaching.pdf,https://pub-011dc1a7faab4dbbafd9b3954e64f5f8.r2.dev/pdfs/articles/BRJ-06-Apr-June-1994-calvinism-and-preaching.pdf,318048,1005,ok,,category-calvinism-and-preaching-5-perseverance-of-the-saints
Issue-343-Chairmans-Remarks.pdf,pdfs/articles/Issue-343-Chairmans-Remarks.pdf,https://pub-011dc1a7faab4dbbafd9b3954e64f5f8.r2.dev/pdfs/articles/Issue-343-Chairmans-Remarks.pdf,1182710,1021,ok,,category-chairmans-remarks-1
BRJ-35-Autumn-2002-charimans-remarks.pdf,pdfs/articles/BRJ-35-Autumn-2002-charimans-remarks.pdf,https://pub-011dc1a7faab4dbbafd9b3954e64f5f8.r2.dev/pdfs/articles/BRJ-35-Autumn-2002-charimans-remarks.pdf,130344,1400,ok,,category-chairmans-remarks-3
Copy-of-BRJ-05-Jan-Mar-1994-pages-5.pdf,pdfs/articles/Copy-of-BRJ-05-Jan-Mar-1994-pages-5.pdf,https://pub-011dc1a7faab4dbbafd9b3954e64f5f8.r2.dev/pdfs/articles/Copy-of-BRJ-05-Jan-Mar-1994-pages-5.pdf,1000789,2906,ok,,category-calvinism-and-preaching-4-irresistible-grace
BRJ60opentheism.pdf,pdfs/articles/BRJ60opentheism.pdf,https://pub-011dc1a7faab4dbbafd9b3954e64f5f8.r2.dev/pdfs/articles/BRJ60opentheism.pdf,326081,1009,ok,,category-closing-the-door-on-open-theism-1-omniscience-versus-predictability
brj04octdec93-04-children-church-and-lordsday-kztf.pdf,pdfs/articles/brj04octdec93-04-children-church-and-lordsday-kztf.pdf,https://pub-011dc1a7faab4dbbafd9b3954e64f5f8.r2.dev/pdfs/articles/brj04octdec93-04-children-church-and-lordsday-kztf.pdf,559410,1903,ok,,category-children-church-and-the-lords-day
BRJ62opentheism.pdf,pdfs/articles/BRJ62opentheism.pdf,https://pub-011dc1a7faab4dbbafd9b3954e64f5f8.r2.dev/pdfs/articles/BRJ62opentheism.pdf,299713,1072,ok,,category-closing-the-door-on-open-theism-open-theisms-assault-on-the-attributes-of-god-3
BRJ-06-Apr-June-1994-coping.pdf,pdfs/articles/BRJ-06-Apr-June-1994-coping.pdf,https://pub-011dc1a7faab4dbbafd9b3954e64f5f8.r2.dev/pdfs/articles/BRJ-06-Apr-June-1994-coping.pdf,218708,931,ok,,category-coping-in-times-of-spiritual-declension
Issue-304-Circumcision.pdf,pdfs/articles/Issue-304-Circumcision.pdf,https://pub-011dc1a7faab4dbbafd9b3954e64f5f8.r2.dev/pdfs/articles/Issue-304-Circumcision.pdf,4647890,2759,ok,,category-circumcision-initiatory-rite-of-the-ot-church
BRJ75cgchristianinstitute.pdf,pdfs/articles/BRJ75cgchristianinstitute.pdf,https://pub-011dc1a7faab4dbbafd9b3954e64f5f8.r2.dev/pdfs/articles/BRJ75cgchristianinstitute.pdf,132327,1037,ok,,category-common-grace-and-the-christian-institute
BRJ61opentheism.pdf,pdfs/articles/BRJ61opentheism.pdf,https://pub-011dc1a7faab4dbbafd9b3954e64f5f8.r2.dev/pdfs/articles/BRJ61opentheism.pdf,299216,1660,ok,,category-closing-the-door-on-open-theism-open-theisms-assault-on-the-attributes-of-god-2
Churches-of-a-Locality0001.pdf,pdfs/articles/Churches-of-a-Locality0001.pdf,https://pub-011dc1a7faab4dbbafd9b3954e64f5f8.r2.dev/pdfs/articles/Churches-of-a-Locality0001.pdf,5710081,3141,ok,,category-churche
Copy-of-BRJ-05-Jan-Mar-1994-pages-8.pdf,pdfs/articles/Copy-of-BRJ-05-Jan-Mar-1994-pages-8.pdf,https://pub-011dc1a7faab4dbbafd9b3954e64f5f8.r2.dev/pdfs/articles/Copy-of-BRJ-05-Jan-Mar-1994-pages-8.pdf,848106,1077,ok,,category-correspondence-1
BRJ-08-Oct-Dec-1994-Correspondence.pdf,pdfs/articles/BRJ-08-Oct-Dec-1994-Correspondence.pdf,https://pub-011dc1a7faab4dbbafd9b3954e64f5f8.r2.dev/pdfs/articles/BRJ-08-Oct-Dec-1994-Correspondence.pdf,852431,1058,ok,,category-correspondence-4
BRJ76correspondence.pdf,pdfs/articles/BRJ76correspondence.pdf,https://pub-011dc1a7faab4dbbafd9b3954e64f5f8.r2.dev/pdfs/articles/BRJ76correspondence.pdf,147459,963,ok,,category-correspondence-christian-institute-remembering-thirty-years-brj
Issue-244-Castlewellan-1998.pdf,pdfs/articles/Issue-244-Castlewellan-1998.pdf,https://pub-011dc1a7faab4dbbafd9b3954e64f5f8.r2.dev/pdfs/articles/Issue-244-Castlewellan-1998.pdf,7150273,4749,ok,,category-castlewellan-1998-brf-conference-report
Issue-313-Cefn-Lea.pdf,pdfs/articles/Issue-313-Cefn-Lea.pdf,https://pub-011dc1a7faab4dbbafd9b3954e64f5f8.r2.dev/pdfs/articles/Issue-313-Cefn-Lea.pdf,6126150,4658,ok,,category-cefn-lea-wales-brf-conference-2000-report
BRJ-09-Jan-Mar-1995-correspondence.pdf,pdfs/articles/BRJ-09-Jan-Mar-1995-correspondence.pdf,https://pub-011dc1a7faab4dbbafd9b3954e64f5f8.r2.dev/pdfs/articles/BRJ-09-Jan-Mar-1995-correspondence.pdf,365749,1800,ok,,category-correspondence-5
BRJ-20-Oct-Dec-1997-pages-6-correspondance.pdf,pdfs/articles/BRJ-20-Oct-Dec-1997-pages-6-correspondance.pdf,https://pub-011dc1a7faab4dbbafd9b3954e64f5f8.r2.dev/pdfs/articles/BRJ-20-Oct-Dec-1997-pages-6-correspondance.pdf,1268656,1437,ok,,category-correspondence-gods-tender-mercies-continued
BRJ-07-July-Sept-1994-Correspondence.pdf,pdfs/articles/BRJ-07-July-Sept-1994-Correspondence.pdf,https://pub-011dc1a7faab4dbbafd9b3954e64f5f8.r2.dev/pdfs/articles/BRJ-07-July-Sept-1994-Correspondence.pdf,837855,2276,ok,,category-correspondence-3
BRJ-06-Apr-June-1994-correspondance.pdf,pdfs/articles/BRJ-06-Apr-June-1994-correspondance.pdf,https://pub-011dc1a7faab4dbbafd9b3954e64f5f8.r2.dev/pdfs/articles/BRJ-06-Apr-June-1994-correspondance.pdf,277022,2330,ok,,category-correspondence-2
BRJ59carson-1.pdf,pdfs/articles/BRJ59carson-1.pdf,https://pub-011dc1a7faab4dbbafd9b3954e64f5f8.r2.dev/pdfs/articles/BRJ59carson-1.pdf,309744,1009,ok,,category-d-a-carsons-difficult-doctrine-of-the-love-of-god
brj04octdec93-10-correspondence-cldt.pdf,pdfs/articles/brj04octdec93-10-correspondence-cldt.pdf,https://pub-011dc1a7faab4dbbafd9b3954e64f5f8.r2.dev/pdfs/articles/brj04octdec93-10-correspondence-cldt.pdf,240592,1501,ok,,category-correspondence
Book-Review-Saved-by-Grace0001.pdf,pdfs/articles/Book-Review-Saved-by-Grace0001.pdf,https://pub-011dc1a7faab4dbbafd9b3954e64f5f8.r2.dev/pdfs/articles/Book-Review-Saved-by-Grace0001.pdf,1458432,1807,ok,,category-d1j0j6wblcdafxbja7pcn9pv90ymwp
BRJ-20-Oct-Dec-1997-pages-4-de-regulation-of-regulative-principle.pdf,pdfs/articles/BRJ-20-Oct-Dec-1997-pages-4-de-regulation-of-regulative-principle.pdf,https://pub-011dc1a7faab4dbbafd9b3954e64f5f8.r2.dev/pdfs/articles/BRJ-20-Oct-Dec-1997-pages-4-de-regulation-of-regulative-principle.pdf,1821486,2963,ok,,category-critical-review-of-worship-in-spirit-and-truth-john-frame-the-de-regulation-of-the-regulative-principle
Issue-215-Correspondence.pdf,pdfs/articles/Issue-215-Correspondence.pdf,https://pub-011dc1a7faab4dbbafd9b3954e64f5f8.r2.dev/pdfs/articles/Issue-215-Correspondence.pdf,4216408,3421,ok,,category-correspondence-those-hebrew-vowel-points-again
BRJ-06-Apr-June-1994-development-of-the-reformation.pdf,pdfs/articles/BRJ-06-Apr-June-1994-development-of-the-reformation.pdf,https://pub-011dc1a7faab4dbbafd9b3954e64f5f8.r2.dev/pdfs/articles/BRJ-06-Apr-June-1994-development-of-the-reformation.pdf,456912,958,ok,,category-development-of-the-reformation-under-zwingli-and-a-discussion-of-his-teaching-on-the-lords-supper
Issue-246-Decline-of-Reformation.pdf,pdfs/articles/Issue-246-Decline-of-Reformation.pdf,https://pub-011dc1a7faab4dbbafd9b3954e64f5f8.r2.dev/pdfs/articles/Issue-246-Decline-of-Reformation.pdf,7700702,2854,ok,,category-decline-of-reformation-calvinism-in-19th-cent-scotland-part-3-rearguard
BRJ-35-Autumn-2002-broccoli-in-my-teeth.pdf,pdfs/articles/BRJ-35-Autumn-2002-broccoli-in-my-teeth.pdf,https://pub-011dc1a7faab4dbbafd9b3954e64f5f8.r2.dev/pdfs/articles/BRJ-35-Autumn-2002-broccoli-in-my-teeth.pdf,272371,985,ok,,category-do-i-have-broccoli-in-my-teeth
BRJ-07-July-Sept-1994-Development-of-Reformation-under-Zwingli-2.pdf,pdfs/articles/BRJ-07-July-Sept-1994-Development-of-Reformation-under-Zwingli-2.pdf,https://pub-011dc1a7faab4dbbafd9b3954e64f5f8.r2.dev/pdfs/articles/BRJ-07-July-Sept-1994-Development-of-Reformation-under-Zwingli-2.pdf,1112331,2935,ok,,category-development-of-the-reformation-under-zwingli-and-a-discussion-of-his-teaching-on-the-lords-supper-2
Does-God-Love-Everyone.pdf,pdfs/articles/Does-God-Love-Everyone.pdf,https://pub-011dc1a7faab4dbbafd9b3954e64f5f8.r2.dev/pdfs/articles/Does-God-Love-Everyone.pdf,4562685,1242,ok,,category-do
Issue-281-Dordrecht.pdf,pdfs/articles/Issue-281-Dordrecht.pdf,https://pub-011dc1a7faab4dbbafd9b3954e64f5f8.r2.dev/pdfs/articles/Issue-281-Dordrecht.pdf,1899574,1038,ok,,category-dordrecht-fortress-of-the-canons
brj04octdec93-05-distinctives04-jmhn.pdf,pdfs/articles/brj04octdec93-05-distinctives04-jmhn.pdf,https://pub-011dc1a7faab4dbbafd9b3954e64f5f8.r2.dev/pdfs/articles/brj04octdec93-05-distinctives04-jmhn.pdf,420781,1758,ok,,category-distinctives-of-the-reformed-faith-as-emphasised-by-the-british-reformed-fellowship
BRJ-35-Autumn-2002-editorial.pdf,pdfs/articles/BRJ-35-Autumn-2002-editorial.pdf,https://pub-011dc1a7faab4dbbafd9b3954e64f5f8.r2.dev/pdfs/articles/BRJ-35-Autumn-2002-editorial.pdf,130851,870,ok,,category-editorial-2
Issue-221-Editorial.pdf,pdfs/articles/Issue-221-Editorial.pdf,https://pub-011dc1a7faab4dbbafd9b3954e64f5f8.r2.dev/pdfs/articles/Issue-221-Editorial.pdf,605820,1039,ok,,category-editorial-1
Issue-232-Decline-of-Reformation.pdf,pdfs/articles/Issue-232-Decline-of-Reformation.pdf,https://pub-011dc1a7faab4dbbafd9b3954e64f5f8.r2.dev/pdfs/articles/Issue-232-Decline-of-Reformation.pdf,9696241,4813,ok,,category-decline-of-reformation-calvinism-in-19th-cent-scotland-part-two-the-serpent-cometh-hath-god-said
Issue-223-Decline-of-Reformation.pdf,pdfs/articles/Issue-223-Decline-of-Reformation.pdf,https://pub-011dc1a7faab4dbbafd9b3954e64f5f8.r2.dev/pdfs/articles/Issue-223-Decline-of-Reformation.pdf,8964910,5050,ok,,category-decline-of-reformation-calvinism-in-19th-cent-scotland
BRJ59hypercalvinism.pdf,pdfs/articles/BRJ59hypercalvinism.pdf,https://pub-011dc1a7faab4dbbafd9b3954e64f5f8.r2.dev/pdfs/articles/BRJ59hypercalvinism.pdf,232194,1683,ok,,category-editorial-hyper-calvinist-1
Issue-254-Decline-of-Reformation.pdf,pdfs/articles/Issue-254-Decline-of-Reformation.pdf,https://pub-011dc1a7faab4dbbafd9b3954e64f5f8.r2.dev/pdfs/articles/Issue-254-Decline-of-Reformation.pdf,5808973,5433,ok,,category-decline-of-reformation-calvinism-in-19th-cent-scotland-part-4-watchmen-and-watchword
Issue-251-Edited-Half-Away.pdf,pdfs/articles/Issue-251-Edited-Half-Away.pdf,https://pub-011dc1a7faab4dbbafd9b3954e64f5f8.r2.dev/pdfs/articles/Issue-251-Edited-Half-Away.pdf,4616102,2541,ok,,category-edited-half-away
BRJ62editorial.pdf,pdfs/articles/BRJ62editorial.pdf,https://pub-011dc1a7faab4dbbafd9b3954e64f5f8.r2.dev/pdfs/articles/BRJ62editorial.pdf,238248,1024,ok,,category-editorial-hyper-calvinist-4
BRJ60Editorial.pdf,pdfs/articles/BRJ60Editorial.pdf,https://pub-011dc1a7faab4dbbafd9b3954e64f5f8.r2.dev/pdfs/articles/BRJ60Editorial.pdf,277791,1543,ok,,category-editorial-hyper-calvinist-2
BRJ61editorial.pdf,pdfs/articles/BRJ61editorial.pdf,https://pub-011dc1a7faab4dbbafd9b3954e64f5f8.r2.dev/pdfs/articles/BRJ61editorial.pdf,242145,1571,ok,,category-editorial-hyper-calvinist-3
BRJ63hypercalvinist.pdf,pdfs/articles/BRJ63hypercalvinist.pdf,https://pub-011dc1a7faab4dbbafd9b3954e64f5f8.r2.dev/pdfs/articles/BRJ63hypercalvinist.pdf,255431,1029,ok,,category-editorial-hyper-calvinist-5
BRJ64hypercalvinist6.pdf,pdfs/articles/BRJ64hypercalvinist6.pdf,https://pub-011dc1a7faab4dbbafd9b3954e64f5f8.r2.dev/pdfs/articles/BRJ64hypercalvinist6.pdf,272314,962,ok,,category-editorial-hyper-calvinist-6
BRJ75moreloving1.pdf,pdfs/articles/BRJ75moreloving1.pdf,https://pub-011dc1a7faab4dbbafd9b3954e64f5f8.r2.dev/pdfs/articles/BRJ75moreloving1.pdf,149009,977,ok,,category-editorial-more-loving-than-god-1
BRJ77moreloving3.pdf,pdfs/articles/BRJ77moreloving3.pdf,https://pub-011dc1a7faab4dbbafd9b3954e64f5f8.r2.dev/pdfs/articles/BRJ77moreloving3.pdf,162914,910,ok,,category-editorial-more-loving-than-god-3
Issue-571-Editorial.pdf,pdfs/articles/Issue-571-Editorial.pdf,https://pub-011dc1a7faab4dbbafd9b3954e64f5f8.r2.dev/pdfs/articles/Issue-571-Editorial.pdf,3929176,3342,ok,,category-editorial-a-double-minded-god-unstable-in-all-his-ways
BRJ73Editorial.pdf,pdfs/articles/BRJ73Editorial.pdf,https://pub-011dc1a7faab4dbbafd9b3954e64f5f8.r2.dev/pdfs/articles/BRJ73Editorial.pdf,312037,1627,ok,,category-editorial-its-too-complicated
BRJ76moreloving2.pdf,pdfs/articles/BRJ76moreloving2.pdf,https://pub-011dc1a7faab4dbbafd9b3954e64f5f8.r2.dev/pdfs/articles/BRJ76moreloving2.pdf,175371,1297,ok,,category-editorial-more-loving-than-god-2
Issue-371-Editorial.pdf,pdfs/articles/Issue-371-Editorial.pdf,https://pub-011dc1a7faab4dbbafd9b3954e64f5f8.r2.dev/pdfs/articles/Issue-371-Editorial.pdf,4528429,1453,ok,,category-editorial-righteous-by-faith-alone
BRJ-09-Jan-Mar-1995-fight-for-reformed-faith.pdf,pdfs/articles/BRJ-09-Jan-Mar-1995-fight-for-reformed-faith.pdf,https://pub-011dc1a7faab4dbbafd9b3954e64f5f8.r2.dev/pdfs/articles/BRJ-09-Jan-Mar-1995-fight-for-reformed-faith.pdf,1109559,1057,ok,,category-editorial-the-fight-for-the-reformed-faith
BRJ74editorial.pdf,pdfs/articles/BRJ74editorial.pdf,https://pub-011dc1a7faab4dbbafd9b3954e64f5f8.r2.dev/pdfs/articles/BRJ74editorial.pdf,137502,1426,ok,,category-editorial-the-exceeding-greatness-of-gods-power-to-believers
BRJ-10-Apr-June-1995-Book-Review-Scent-from-Heaven.pdf,pdfs/articles/BRJ-10-Apr-June-1995-Book-Review-Scent-from-Heaven.pdf,https://pub-011dc1a7faab4dbbafd9b3954e64f5f8.r2.dev/pdfs/articles/BRJ-10-Apr-June-1995-Book-Review-Scent-from-Heaven.pdf,150944,1034,ok,,category-ekbrfry3tccxogw4i7l6e3drposedk
Editorial0001.pdf,pdfs/articles/Editorial0001.pdf,https://pub-011dc1a7faab4dbbafd9b3954e64f5f8.r2.dev/pdfs/articles/Editorial0001.pdf,1001860,1498,ok,,category-editorial
Issue-421-Editorial.pdf,pdfs/articles/Issue-421-Editorial.pdf,https://pub-011dc1a7faab4dbbafd9b3954e64f5f8.r2.dev/pdfs/articles/Issue-421-Editorial.pdf,6800697,2754,ok,,category-editorial-more-on-baptism-3
BRJ60evangelicalism.pdf,pdfs/articles/BRJ60evangelicalism.pdf,https://pub-011dc1a7faab4dbbafd9b3954e64f5f8.r2.dev/pdfs/articles/BRJ60evangelicalism.pdf,254839,2321,ok,,category-evangelicalism-the-new-roman-catholicism
BRJ-08-Oct-Dec-1994-Family-Holiday-Conference-PICTURES.pdf,pdfs/articles/BRJ-08-Oct-Dec-1994-Family-Holiday-Conference-PICTURES.pdf,https://pub-011dc1a7faab4dbbafd9b3954e64f5f8.r2.dev/pdfs/articles/BRJ-08-Oct-Dec-1994-Family-Holiday-Conference-PICTURES.pdf,592470,2011,ok,,category-family-holiday-conference-at-galashiels-in-scotland
Issue-225-Forum.pdf,pdfs/articles/Issue-225-Forum.pdf,https://pub-011dc1a7faab4dbbafd9b3954e64f5f8.r2.dev/pdfs/articles/Issue-225-Forum.pdf,3289137,1186,ok,,category-forum-god-directly-at-work-graciously-in-the-reprobate
Forum-Response-John-Own-Re-Presbyterianised0001.pdf,pdfs/articles/Forum-Response-John-Own-Re-Presbyterianised0001.pdf,https://pub-011dc1a7faab4dbbafd9b3954e64f5f8.r2.dev/pdfs/articles/Forum-Response-John-Own-Re-Presbyterianised0001.pdf,4135127,2516,ok,,category-for
John-Owen-RePresbyterianized0001-ex7d.pdf,pdfs/articles/John-Owen-RePresbyterianized0001-ex7d.pdf,https://pub-011dc1a7faab4dbbafd9b3954e64f5f8.r2.dev/pdfs/articles/John-Owen-RePresbyterianized0001-ex7d.pdf,3655514,1069,ok,,category-forum-response
Forum.pdf,pdfs/articles/Forum.pdf,https://pub-011dc1a7faab4dbbafd9b3954e64f5f8.r2.dev/pdfs/articles/Forum.pdf,2954043,985,ok,,category-forum
Issue-222-Evangelism.pdf,pdfs/articles/Issue-222-Evangelism.pdf,https://pub-011dc1a7faab4dbbafd9b3954e64f5f8.r2.dev/pdfs/articles/Issue-222-Evangelism.pdf,9891186,4732,ok,,category-evangelism-a-reformed-debate
John-Owen-RePresbyterianized0001.pdf,pdfs/articles/John-Owen-RePresbyterianized0001.pdf,https://pub-011dc1a7faab4dbbafd9b3954e64f5f8.r2.dev/pdfs/articles/John-Owen-RePresbyterianized0001.pdf,6432525,4260,ok,,category-forum-1
Issue-245-FORUM.pdf,pdfs/articles/Issue-245-FORUM.pdf,https://pub-011dc1a7faab4dbbafd9b3954e64f5f8.r2.dev/pdfs/articles/Issue-245-FORUM.pdf,8224362,3580,ok,,category-forum-more-on-process-theology-amp-the-absolute-god
Issue-275-Forum-Cornelius-Van-Til.pdf,pdfs/articles/Issue-275-Forum-Cornelius-Van-Til.pdf,https://pub-011dc1a7faab4dbbafd9b3954e64f5f8.r2.dev/pdfs/articles/Issue-275-Forum-Cornelius-Van-Til.pdf,9142752,4789,ok,,category-forum-cornelius-van-til-paradox-amp-contradictions
BRJ-08-Oct-Dec-1994-Further-Objections-to-Free-Offer.pdf,pdfs/articles/BRJ-08-Oct-Dec-1994-Further-Objections-to-Free-Offer.pdf,https://pub-011dc1a7faab4dbbafd9b3954e64f5f8.r2.dev/pdfs/articles/BRJ-08-Oct-Dec-1994-Further-Objections-to-Free-Offer.pdf,1035922,2178,ok,,category-further-objections-to-the-free-offer
Issue-216-Forum.pdf,pdfs/articles/Issue-216-Forum.pdf,https://pub-011dc1a7faab4dbbafd9b3954e64f5f8.r2.dev/pdfs/articles/Issue-216-Forum.pdf,4449450,3390,ok,,category-forum-the-lord-blessing-the-infants
BRJ77savingwill1.pdf,pdfs/articles/BRJ77savingwill1.pdf,https://pub-011dc1a7faab4dbbafd9b3954e64f5f8.r2.dev/pdfs/articles/BRJ77savingwill1.pdf,217745,1165,ok,,category-gods-saving-will-in-the-new-testament-1
BRJ75promisedemands.pdf,pdfs/articles/BRJ75promisedemands.pdf,https://pub-011dc1a7faab4dbbafd9b3954e64f5f8.r2.dev/pdfs/articles/BRJ75promisedemands.pdf,148805,2176,ok,,category-gods-promise-demands-infant-baptism
BRJ56housechurch.pdf,pdfs/articles/BRJ56housechurch.pdf,https://pub-011dc1a7faab4dbbafd9b3954e64f5f8.r2.dev/pdfs/articles/BRJ56housechurch.pdf,256008,972,ok,,category-house-churchism-an-ecclesiastical-panacea-or-poison-1
brj04octdec93-01-human-responsibility-lr4n.pdf,pdfs/articles/brj04octdec93-01-human-responsibility-lr4n.pdf,https://pub-011dc1a7faab4dbbafd9b3954e64f5f8.r2.dev/pdfs/articles/brj04octdec93-01-human-responsibility-lr4n.pdf,177906,940,ok,,category-human-responsibility
Issue-234-Forum-Process-Theology.pdf,pdfs/articles/Issue-234-Forum-Process-Theology.pdf,https://pub-011dc1a7faab4dbbafd9b3954e64f5f8.r2.dev/pdfs/articles/Issue-234-Forum-Process-Theology.pdf,5751521,4827,ok,,category-forum-process-theology-amp-the-absolute-god
BRJ76housechurchism4.pdf,pdfs/articles/BRJ76housechurchism4.pdf,https://pub-011dc1a7faab4dbbafd9b3954e64f5f8.r2.dev/pdfs/articles/BRJ76housechurchism4.pdf,166844,1243,ok,,category-house-churchism-an-ecclesiastical-panacea-or-poison-4
BRJ55editorial.pdf,pdfs/articles/BRJ55editorial.pdf,https://pub-011dc1a7faab4dbbafd9b3954e64f5f8.r2.dev/pdfs/articles/BRJ55editorial.pdf,179208,2217,ok,,category-guest-editorial
brj04octdec93-08-halfday-convention-ad4n.pdf,pdfs/articles/brj04octdec93-08-halfday-convention-ad4n.pdf,https://pub-011dc1a7faab4dbbafd9b3954e64f5f8.r2.dev/pdfs/articles/brj04octdec93-08-halfday-convention-ad4n.pdf,333408,2421,ok,,category-half-day-convention-in-morley-on-18th-september
Book-Review-Revival-and-Revivalism0001.pdf,pdfs/articles/Book-Review-Revival-and-Revivalism0001.pdf,https://pub-011dc1a7faab4dbbafd9b3954e64f5f8.r2.dev/pdfs/articles/Book-Review-Revival-and-Revivalism0001.pdf,575418,1019,ok,,category-i1r2g87t7t53dl64wniu6ir8gumh4w
BRJ55membership.pdf,pdfs/articles/BRJ55membership.pdf,https://pub-011dc1a7faab4dbbafd9b3954e64f5f8.r2.dev/pdfs/articles/BRJ55membership.pdf,191646,2241,ok,,category-harold-camping-refuted-the-necessity-of-membership-in-the-church-institute-2
Jesus-the-Messiah-as-Prophesied-by-Moses0001.pdf,pdfs/articles/Jesus-the-Messiah-as-Prophesied-by-Moses0001.pdf,https://pub-011dc1a7faab4dbbafd9b3954e64f5f8.r2.dev/pdfs/articles/Jesus-the-Messiah-as-Prophesied-by-Moses0001.pdf,5015537,1376,ok,,category-jesus-the-messiah-as-prophesied-by-moses
John-Owen-Bulwark-Against-Arminianism-lfn4.pdf,pdfs/articles/John-Owen-Bulwark-Against-Arminianism-lfn4.pdf,https://pub-011dc1a7faab4dbbafd9b3954e64f5f8.r2.dev/pdfs/articles/John-Owen-Bulwark-Against-Arminianism-lfn4.pdf,4119738,1239,ok,,category-john-owen-bulwark-against-arminianism-part-ii
Issue-305-Immersionism.pdf,pdfs/articles/Issue-305-Immersionism.pdf,https://pub-011dc1a7faab4dbbafd9b3954e64f5f8.r2.dev/pdfs/articles/Issue-305-Immersionism.pdf,3197460,2384,ok,,category-immersionism-not-a-biblical-dogma
Hung-All-Around-With-Massive-Calvinistic-Armor.pdf,pdfs/articles/Hung-All-Around-With-Massive-Calvinistic-Armor.pdf,https://pub-011dc1a7faab4dbbafd9b3954e64f5f8.r2.dev/pdfs/articles/Hung-All-Around-With-Massive-Calvinistic-Armor.pdf,9216975,4027,ok,,category-hung
Issue-243-In-Defence-of.pdf,pdfs/articles/Issue-243-In-Defence-of.pdf,https://pub-011dc1a7faab4dbbafd9b3954e64f5f8.r2.dev/pdfs/articles/Issue-243-In-Defence-of.pdf,5131548,3334,ok,,category-in-defence-of-our-reformed-heritage
Copy-of-BRJ-05-Jan-Mar-1994-pages-6.pdf,pdfs/articles/Copy-of-BRJ-05-Jan-Mar-1994-pages-6.pdf,https://pub-011dc1a7faab4dbbafd9b3954e64f5f8.r2.dev/pdfs/articles/Copy-of-BRJ-05-Jan-Mar-1994-pages-6.pdf,1059098,2816,ok,,category-jireh-chapel-lewes-east-sussex
John-Owen-Progressive-Presbyterian.pdf,pdfs/articles/John-Owen-Progressive-Presbyterian.pdf,https://pub-011dc1a7faab4dbbafd9b3954e64f5f8.r2.dev/pdfs/articles/John-Owen-Progressive-Presbyterian.pdf,4518773,2523,ok,,category-john-owen-progressive-presbyterian
Circumcision-and-Baptism0001.pdf,pdfs/articles/Circumcision-and-Baptism0001.pdf,https://pub-011dc1a7faab4dbbafd9b3954e64f5f8.r2.dev/pdfs/articles/Circumcision-and-Baptism0001.pdf,4435667,1671,ok,,category-kp99u253ph35w5s5kinnd3u22kbx4o
BRJ56letter.pdf,pdfs/articles/BRJ56letter.pdf,https://pub-011dc1a7faab4dbbafd9b3954e64f5f8.r2.dev/pdfs/articles/BRJ56letter.pdf,161989,948,ok,,category-letter-to-the-brf
Keeping-the-Covenant-Christian-Education0001.pdf,pdfs/articles/Keeping-the-Covenant-Christian-Education0001.pdf,https://pub-011dc1a7faab4dbbafd9b3954e64f5f8.r2.dev/pdfs/articles/Keeping-the-Covenant-Christian-Education0001.pdf,4474402,2552,ok,,category-keeping-the-covenant
Issue-368-Letter.pdf,pdfs/articles/Issue-368-Letter.pdf,https://pub-011dc1a7faab4dbbafd9b3954e64f5f8.r2.dev/pdfs/articles/Issue-368-Letter.pdf,615960,1540,ok,,category-letter-from-the-editor
BRJ55letter.pdf,pdfs/articles/BRJ55letter.pdf,https://pub-011dc1a7faab4dbbafd9b3954e64f5f8.r2.dev/pdfs/articles/BRJ55letter.pdf,169340,1088,ok,,category-letter-to-the-editor
The-Place-of-the-Confession-in-the-Local-Church0001.pdf,pdfs/articles/The-Place-of-the-Confession-in-the-Local-Church0001.pdf,https://pub-011dc1a7faab4dbbafd9b3954e64f5f8.r2.dev/pdfs/articles/The-Place-of-the-Confession-in-the-Local-Church0001.pdf,5928935,5396,ok,,category-i5i3jx4p73t3no0l68tee6usqk7rbh
Issue-231-John-Knox.pdf,pdfs/articles/Issue-231-John-Knox.pdf,https://pub-011dc1a7faab4dbbafd9b3954e64f5f8.r2.dev/pdfs/articles/Issue-231-John-Knox.pdf,10448031,4774,ok,,category-john-knox
BRJ64kimmitt.pdf,pdfs/articles/BRJ64kimmitt.pdf,https://pub-011dc1a7faab4dbbafd9b3954e64f5f8.r2.dev/pdfs/articles/BRJ64kimmitt.pdf,235392,1006,ok,,category-michael-kimmit-in-grateful-remembrance
BRJ-20-Oct-Dec-1997-pages-3-land-of-revivals.pdf,pdfs/articles/BRJ-20-Oct-Dec-1997-pages-3-land-of-revivals.pdf,https://pub-011dc1a7faab4dbbafd9b3954e64f5f8.r2.dev/pdfs/articles/BRJ-20-Oct-Dec-1997-pages-3-land-of-revivals.pdf,2164795,3132,ok,,category-land-of-revivals-wales-in-religious-and-historical-perspective
BRJ-35-Autumn-2002-no-private-interpretation.pdf,pdfs/articles/BRJ-35-Autumn-2002-no-private-interpretation.pdf,https://pub-011dc1a7faab4dbbafd9b3954e64f5f8.r2.dev/pdfs/articles/BRJ-35-Autumn-2002-no-private-interpretation.pdf,539083,1019,ok,,category-no-private-interpretation-an-old-and-neglected-doctrine-reaffirmed
BRJ-10-Apr-June-1995-001-The-Westminster-Standards-and-the-Gospel-Offer.pdf,pdfs/articles/BRJ-10-Apr-June-1995-001-The-Westminster-Standards-and-the-Gospel-Offer.pdf,https://pub-011dc1a7faab4dbbafd9b3954e64f5f8.r2.dev/pdfs/articles/BRJ-10-Apr-June-1995-001-The-Westminster-Standards-and-the-Gospel-Offer.pdf,726094,1951,ok,,category-mom4wxb4e2wg09h0js7avgteuzx2td-llyjf
Correspondence-1.pdf,pdfs/articles/Correspondence-1.pdf,https://pub-011dc1a7faab4dbbafd9b3954e64f5f8.r2.dev/pdfs/articles/Correspondence-1.pdf,860274,2847,ok,,category-lvpfforg9y1bmrpi6t1pvw6xxgxlaz
BRJ-08-Oct-Dec-1994-New-Editor.pdf,pdfs/articles/BRJ-08-Oct-Dec-1994-New-Editor.pdf,https://pub-011dc1a7faab4dbbafd9b3954e64f5f8.r2.dev/pdfs/articles/BRJ-08-Oct-Dec-1994-New-Editor.pdf,765978,2053,ok,,category-new-editor-for-the-journal
BRJ61owen.pdf,pdfs/articles/BRJ61owen.pdf,https://pub-011dc1a7faab4dbbafd9b3954e64f5f8.r2.dev/pdfs/articles/BRJ61owen.pdf,250499,956,ok,,category-of-communion-with-god-the-father-son-and-holy-ghost-1
Book-Reviews0001.pdf,pdfs/articles/Book-Reviews0001.pdf,https://pub-011dc1a7faab4dbbafd9b3954e64f5f8.r2.dev/pdfs/articles/Book-Reviews0001.pdf,1617153,1065,ok,,category-o73wxjewmevxi07fsl6g9k2g0o9h5g
BRJ-10-Apr-June-1995-Baptism-Mode-5.pdf,pdfs/articles/BRJ-10-Apr-June-1995-Baptism-Mode-5.pdf,https://pub-011dc1a7faab4dbbafd9b3954e64f5f8.r2.dev/pdfs/articles/BRJ-10-Apr-June-1995-Baptism-Mode-5.pdf,494092,2616,ok,,category-mom4wxb4e2wg09h0js7avgteuzx2td
BRJ64owen3.pdf,pdfs/articles/BRJ64owen3.pdf,https://pub-011dc1a7faab4dbbafd9b3954e64f5f8.r2.dev/pdfs/articles/BRJ64owen3.pdf,246805,978,ok,,category-of-communion-with-god-the-father-son-and-holy-ghost-3
BRJ55conference.pdf,pdfs/articles/BRJ55conference.pdf,https://pub-011dc1a7faab4dbbafd9b3954e64f5f8.r2.dev/pdfs/articles/BRJ55conference.pdf,159432,942,ok,,category-personal-reflections-on-the-2010-brf-conference
BRJ-06-Apr-June-1994-our-ancient-heritage.pdf,pdfs/articles/BRJ-06-Apr-June-1994-our-ancient-heritage.pdf,https://pub-011dc1a7faab4dbbafd9b3954e64f5f8.r2.dev/pdfs/articles/BRJ-06-Apr-June-1994-our-ancient-heritage.pdf,484811,1224,ok,,category-our-ancient-heritage
Issue-334-Of-Psalms.pdf,pdfs/articles/Issue-334-Of-Psalms.pdf,https://pub-011dc1a7faab4dbbafd9b3954e64f5f8.r2.dev/pdfs/articles/Issue-334-Of-Psalms.pdf,2397242,1179,ok,,category-of-psalms-battle-axes-and-burnt-cakes
BRJ-09-Jan-Mar-1995-preaching-true-gospel-properly.pdf,pdfs/articles/BRJ-09-Jan-Mar-1995-preaching-true-gospel-properly.pdf,https://pub-011dc1a7faab4dbbafd9b3954e64f5f8.r2.dev/pdfs/articles/BRJ-09-Jan-Mar-1995-preaching-true-gospel-properly.pdf,832235,995,ok,,category-preaching-the-true-gospel-properly
Issue-6731-Martin-Luther1.pdf,pdfs/articles/Issue-6731-Martin-Luther1.pdf,https://pub-011dc1a7faab4dbbafd9b3954e64f5f8.r2.dev/pdfs/articles/Issue-6731-Martin-Luther1.pdf,7935994,4664,ok,,category-martin-luther-and-gods-saving-righteousness-1
Not-so-Sure-with-Mr-Spurgeon0001.pdf,pdfs/articles/Not-so-Sure-with-Mr-Spurgeon0001.pdf,https://pub-011dc1a7faab4dbbafd9b3954e64f5f8.r2.dev/pdfs/articles/Not-so-Sure-with-Mr-Spurgeon0001.pdf,4736026,3430,ok,,category-not-so-sure-with-mr-spurgeon
BRJ63owen2.pdf,pdfs/articles/BRJ63owen2.pdf,https://pub-011dc1a7faab4dbbafd9b3954e64f5f8.r2.dev/pdfs/articles/BRJ63owen2.pdf,256080,2332,ok,,category-of-communion-with-god-the-father-son-and-holy-ghost-2
BRJ-08-Oct-Dec-1994-Pure-Words.pdf,pdfs/articles/BRJ-08-Oct-Dec-1994-Pure-Words.pdf,https://pub-011dc1a7faab4dbbafd9b3954e64f5f8.r2.dev/pdfs/articles/BRJ-08-Oct-Dec-1994-Pure-Words.pdf,452820,969,ok,,category-pure-words-preserved-words-the-doctrine-of-providential-preservation
Issue-316-Renee.pdf,pdfs/articles/Issue-316-Renee.pdf,https://pub-011dc1a7faab4dbbafd9b3954e64f5f8.r2.dev/pdfs/articles/Issue-316-Renee.pdf,4227703,1370,ok,,category-rene-born-again-duchess-of-ferrara
BRJ-08-Oct-Dec-1994-Presbyterian-Scotland.pdf,pdfs/articles/BRJ-08-Oct-Dec-1994-Presbyterian-Scotland.pdf,https://pub-011dc1a7faab4dbbafd9b3954e64f5f8.r2.dev/pdfs/articles/BRJ-08-Oct-Dec-1994-Presbyterian-Scotland.pdf,1181059,2155,ok,,category-presbyterian-scotland-a-self-assessment
BRJ-20-Oct-Dec-1997-pages-5-review-a-new-hearing-for-authorised-version.pdf,pdfs/articles/BRJ-20-Oct-Dec-1997-pages-5-review-a-new-hearing-for-authorised-version.pdf,https://pub-011dc1a7faab4dbbafd9b3954e64f5f8.r2.dev/pdfs/articles/BRJ-20-Oct-Dec-1997-pages-5-review-a-new-hearing-for-authorised-version.pdf,1115545,1590,ok,,category-review-a-new-hearing-for-the-authorised-version-by-theodore-letis
BRJ62conference.pdf,pdfs/articles/BRJ62conference.pdf,https://pub-011dc1a7faab4dbbafd9b3954e64f5f8.r2.dev/pdfs/articles/BRJ62conference.pdf,223988,2246,ok,,category-review-british-reformed-fellowship-family-conference-2014
Issue-293-Paedobaptism-and.pdf,pdfs/articles/Issue-293-Paedobaptism-and.pdf,https://pub-011dc1a7faab4dbbafd9b3954e64f5f8.r2.dev/pdfs/articles/Issue-293-Paedobaptism-and.pdf,9890080,4515,ok,,category-paedobaptism-and-circumcision
BRJ-35-Autumn-2002-stealing-for-the-glory-of-God.pdf,pdfs/articles/BRJ-35-Autumn-2002-stealing-for-the-glory-of-God.pdf,https://pub-011dc1a7faab4dbbafd9b3954e64f5f8.r2.dev/pdfs/articles/BRJ-35-Autumn-2002-stealing-for-the-glory-of-God.pdf,221394,973,ok,,category-stealing-for-the-glory-of-god
Issue-247-Secondary-Issue-Syndrome.pdf,pdfs/articles/Issue-247-Secondary-Issue-Syndrome.pdf,https://pub-011dc1a7faab4dbbafd9b3954e64f5f8.r2.dev/pdfs/articles/Issue-247-Secondary-Issue-Syndrome.pdf,1574839,2271,ok,,category-secondary-issue-syndrome
Issue-261-Psalms-and-Hymns.pdf,pdfs/articles/Issue-261-Psalms-and-Hymns.pdf,https://pub-011dc1a7faab4dbbafd9b3954e64f5f8.r2.dev/pdfs/articles/Issue-261-Psalms-and-Hymns.pdf,10747391,5001,ok,,category-psalms-and-hymns
Issue-214-Princeton-Seminary-Vol-1.pdf,pdfs/articles/Issue-214-Princeton-Seminary-Vol-1.pdf,https://pub-011dc1a7faab4dbbafd9b3954e64f5f8.r2.dev/pdfs/articles/Issue-214-Princeton-Seminary-Vol-1.pdf,6308905,5122,ok,,category-princeton-seminary-vol-1-faith-amp-learning
Issue-314-Review-and.pdf,pdfs/articles/Issue-314-Review-and.pdf,https://pub-011dc1a7faab4dbbafd9b3954e64f5f8.r2.dev/pdfs/articles/Issue-314-Review-and.pdf,10539014,3797,ok,,category-review-and-appreciation-for-thy-truths-sake
BRJ-35-Autumn-2002-i-dont-like-mondays.pdf,pdfs/articles/BRJ-35-Autumn-2002-i-dont-like-mondays.pdf,https://pub-011dc1a7faab4dbbafd9b3954e64f5f8.r2.dev/pdfs/articles/BRJ-35-Autumn-2002-i-dont-like-mondays.pdf,297659,1395,ok,,category-tell-me-why-i-dont-like-mondays
Issue-213-Revivalist-Propaganda.pdf,pdfs/articles/Issue-213-Revivalist-Propaganda.pdf,https://pub-011dc1a7faab4dbbafd9b3954e64f5f8.r2.dev/pdfs/articles/Issue-213-Revivalist-Propaganda.pdf,7307046,4666,ok,,category-revivalist-propaganda-amp-the-cause-of-truth-in-wales
BRJ64apotheosis.pdf,pdfs/articles/BRJ64apotheosis.pdf,https://pub-011dc1a7faab4dbbafd9b3954e64f5f8.r2.dev/pdfs/articles/BRJ64apotheosis.pdf,259514,1501,ok,,category-the-apostheosis-of-man-in-evangelical-church-worship
In-Defence-of-Controversy.pdf,pdfs/articles/In-Defence-of-Controversy.pdf,https://pub-011dc1a7faab4dbbafd9b3954e64f5f8.r2.dev/pdfs/articles/In-Defence-of-Controversy.pdf,2396142,3199,ok,,category-sqgn767lpz21hzfrk3a4oe66nyy0j6
Issue-224-Revivalist-Propaganda.pdf,pdfs/articles/Issue-224-Revivalist-Propaganda.pdf,https://pub-011dc1a7faab4dbbafd9b3954e64f5f8.r2.dev/pdfs/articles/Issue-224-Revivalist-Propaganda.pdf,8572704,5050,ok,,category-revivalist-propaganda-amp-the-cause-of-truth-in-wales-1
Issue-274-Still-Waters-Revival.pdf,pdfs/articles/Issue-274-Still-Waters-Revival.pdf,https://pub-011dc1a7faab4dbbafd9b3954e64f5f8.r2.dev/pdfs/articles/Issue-274-Still-Waters-Revival.pdf,3640518,3263,ok,,category-still-water-revival-for-the-third-reformation
The-Reformed-View-of-Baptism0001.pdf,pdfs/articles/The-Reformed-View-of-Baptism0001.pdf,https://pub-011dc1a7faab4dbbafd9b3954e64f5f8.r2.dev/pdfs/articles/The-Reformed-View-of-Baptism0001.pdf,1844693,3120,ok,,category-the-2
Copy-of-BRJ-01-Jan-Mar-1993-part-2.pdf,pdfs/articles/Copy-of-BRJ-01-Jan-Mar-1993-part-2.pdf,https://pub-011dc1a7faab4dbbafd9b3954e64f5f8.r2.dev/pdfs/articles/Copy-of-BRJ-01-Jan-Mar-1993-part-2.pdf,99464,986,ok,,category-the-blessed-name-jesus
Issue-325-The-Antiquity-of.pdf,pdfs/articles/Issue-325-The-Antiquity-of.pdf,https://pub-011dc1a7faab4dbbafd9b3954e64f5f8.r2.dev/pdfs/articles/Issue-325-The-Antiquity-of.pdf,7149624,4004,ok,,category-the-antiquity-of-infant-amp-household-baptisms
Issue-414-The-Coming-of.pdf,pdfs/articles/Issue-414-The-Coming-of.pdf,https://pub-011dc1a7faab4dbbafd9b3954e64f5f8.r2.dev/pdfs/articles/Issue-414-The-Coming-of.pdf,4356732,1311,ok,,category-the-coming-of-elijah
Issue-262-The-Biblical.pdf,pdfs/articles/Issue-262-The-Biblical.pdf,https://pub-011dc1a7faab4dbbafd9b3954e64f5f8.r2.dev/pdfs/articles/Issue-262-The-Biblical.pdf,7875361,2780,ok,,category-the-biblical-doctrine-of-psalmody-1
BRJ73hypocalvinism.pdf,pdfs/articles/BRJ73hypocalvinism.pdf,https://pub-011dc1a7faab4dbbafd9b3954e64f5f8.r2.dev/pdfs/articles/BRJ73hypocalvinism.pdf,300117,1075,ok,,category-the-destructive-teaching-of-hypo-calvinism-in-common-grace-scripturally-exposed
Issue-303-The-Baptist-System.pdf,pdfs/articles/Issue-303-The-Baptist-System.pdf,https://pub-011dc1a7faab4dbbafd9b3954e64f5f8.r2.dev/pdfs/articles/Issue-303-The-Baptist-System.pdf,8795044,5003,ok,,category-the-baptist-system-unscriptural-amp-unreformed-part-2
The-Doctrine-of-Scripture.pdf,pdfs/articles/The-Doctrine-of-Scripture.pdf,https://pub-011dc1a7faab4dbbafd9b3954e64f5f8.r2.dev/pdfs/articles/The-Doctrine-of-Scripture.pdf,1865478,1150,ok,,category-the-doctr
Issue-312-The-Baptist-System.pdf,pdfs/articles/Issue-312-The-Baptist-System.pdf,https://pub-011dc1a7faab4dbbafd9b3954e64f5f8.r2.dev/pdfs/articles/Issue-312-The-Baptist-System.pdf,9322003,4178,ok,,category-the-baptist-system-unscriptural-amp-unreformed-part-3
Copy-of-BRJ-05-Jan-Mar-1994-pages-4.pdf,pdfs/articles/Copy-of-BRJ-05-Jan-Mar-1994-pages-4.pdf,https://pub-011dc1a7faab4dbbafd9b3954e64f5f8.r2.dev/pdfs/articles/Copy-of-BRJ-05-Jan-Mar-1994-pages-4.pdf,1089665,1026,ok,,category-the-development-of-the-covenant-of-grace-3-the-covenant-a-bond-of-friendship
Issue-291-The-Baptist-System.pdf,pdfs/articles/Issue-291-The-Baptist-System.pdf,https://pub-011dc1a7faab4dbbafd9b3954e64f5f8.r2.dev/pdfs/articles/Issue-291-The-Baptist-System.pdf,8405888,4547,ok,,category-the-baptist-system-unscriptural-amp-unreformed
Issue-323-The-Baptist-System.pdf,pdfs/articles/Issue-323-The-Baptist-System.pdf,https://pub-011dc1a7faab4dbbafd9b3954e64f5f8.r2.dev/pdfs/articles/Issue-323-The-Baptist-System.pdf,13909950,4661,ok,,category-the-baptist-system-unscriptural-and-unreformed-part-4
BRJ-06-Apr-June-1994-the-fascinating-history.pdf,pdfs/articles/BRJ-06-Apr-June-1994-the-fascinating-history.pdf,https://pub-011dc1a7faab4dbbafd9b3954e64f5f8.r2.dev/pdfs/articles/BRJ-06-Apr-June-1994-the-fascinating-history.pdf,309933,1112,ok,,category-the-fascinating-history-they-didnt-tell-us-at-school
Issue-273-The-Decline-of.pdf,pdfs/articles/Issue-273-The-Decline-of.pdf,https://pub-011dc1a7faab4dbbafd9b3954e64f5f8.r2.dev/pdfs/articles/Issue-273-The-Decline-of.pdf,8115253,4160,ok,,category-the-decline-of-american-presbyterianism
BRJ-08-Oct-Dec-1994-Fascinating-History-3.pdf,pdfs/articles/BRJ-08-Oct-Dec-1994-Fascinating-History-3.pdf,https://pub-011dc1a7faab4dbbafd9b3954e64f5f8.r2.dev/pdfs/articles/BRJ-08-Oct-Dec-1994-Fascinating-History-3.pdf,1147553,2171,ok,,category-the-fascinating-history-they-didnt-tell-us-at-school-part-2-8acza
BRJ-07-July-Sept-1994-Fascinating-History.pdf,pdfs/articles/BRJ-07-July-Sept-1994-Fascinating-History.pdf,https://pub-011dc1a7faab4dbbafd9b3954e64f5f8.r2.dev/pdfs/articles/BRJ-07-July-Sept-1994-Fascinating-History.pdf,1156301,2198,ok,,category-the-fascinating-history-they-didnt-tell-us-at-school-part-2
Issue-272-The-Erosion-of.pdf,pdfs/articles/Issue-272-The-Erosion-of.pdf,https://pub-011dc1a7faab4dbbafd9b3954e64f5f8.r2.dev/pdfs/articles/Issue-272-The-Erosion-of.pdf,9649784,2940,ok,,category-the-erosion-of-biblical-psalmody-in-scots-presbyterianism
BRJ59job2.pdf,pdfs/articles/BRJ59job2.pdf,https://pub-011dc1a7faab4dbbafd9b3954e64f5f8.r2.dev/pdfs/articles/BRJ59job2.pdf,289304,1006,ok,,category-the-historicity-integrity-and-inspiration-of-the-book-of-job-2
BRJ77imageandresponsibility.pdf,pdfs/articles/BRJ77imageandresponsibility.pdf,https://pub-011dc1a7faab4dbbafd9b3954e64f5f8.r2.dev/pdfs/articles/BRJ77imageandresponsibility.pdf,147447,916,ok,,category-the-image-of-god-and-the-responsibility-of-man
BRJ62genevatheses.pdf,pdfs/articles/BRJ62genevatheses.pdf,https://pub-011dc1a7faab4dbbafd9b3954e64f5f8.r2.dev/pdfs/articles/BRJ62genevatheses.pdf,317133,2426,ok,,category-the-geneva-theses-1649-a-recently-uncovered-jewel
BRJ-07-July-Sept-1994-Inspiration-of-Scripture.pdf,pdfs/articles/BRJ-07-July-Sept-1994-Inspiration-of-Scripture.pdf,https://pub-011dc1a7faab4dbbafd9b3954e64f5f8.r2.dev/pdfs/articles/BRJ-07-July-Sept-1994-Inspiration-of-Scripture.pdf,1102080,943,ok,,category-the-inspiration-of-scripture-in-historic-orthodoxy-in-modern-bible-translations
Issue-285-The-English-Delegation.pdf,pdfs/articles/Issue-285-The-English-Delegation.pdf,https://pub-011dc1a7faab4dbbafd9b3954e64f5f8.r2.dev/pdfs/articles/Issue-285-The-English-Delegation.pdf,11053831,4316,ok,,category-the-english-delegation-to-the-synod-of-dordt
John-Owen-Bulwark-Against-Arminianism.pdf,pdfs/articles/John-Owen-Bulwark-Against-Arminianism.pdf,https://pub-011dc1a7faab4dbbafd9b3954e64f5f8.r2.dev/pdfs/articles/John-Owen-Bulwark-Against-Arminianism.pdf,4006978,3364,ok,,category-the-fight
Issue-345-The-Modern.pdf,pdfs/articles/Issue-345-The-Modern.pdf,https://pub-011dc1a7faab4dbbafd9b3954e64f5f8.r2.dev/pdfs/articles/Issue-345-The-Modern.pdf,2368939,1262,ok,,category-the-modern-peter-pans
BRJ74bookreview.pdf,pdfs/articles/BRJ74bookreview.pdf,https://pub-011dc1a7faab4dbbafd9b3954e64f5f8.r2.dev/pdfs/articles/BRJ74bookreview.pdf,109696,911,ok,,category-the-reformed-family-authoritative-content-of-the-gospel-rhnp4-hx2r6-kfef6
Issue-573-The-Historicity.pdf,pdfs/articles/Issue-573-The-Historicity.pdf,https://pub-011dc1a7faab4dbbafd9b3954e64f5f8.r2.dev/pdfs/articles/Issue-573-The-Historicity.pdf,11750496,2821,ok,,category-the-historicity-integrity-and-inspiration-of-the-book-of-job-1
BRJ74conferencereport.pdf,pdfs/articles/BRJ74conferencereport.pdf,https://pub-011dc1a7faab4dbbafd9b3954e64f5f8.r2.dev/pdfs/articles/BRJ74conferencereport.pdf,129471,905,ok,,category-the-reformed-family-authoritative-content-of-the-gospel-rhnp4-hx2r6
BRJ-06-Apr-June-1994-the-love-of-god.pdf,pdfs/articles/BRJ-06-Apr-June-1994-the-love-of-god.pdf,https://pub-011dc1a7faab4dbbafd9b3954e64f5f8.r2.dev/pdfs/articles/BRJ-06-Apr-June-1994-the-love-of-god.pdf,465381,2598,ok,,category-the-love-of-god
The-Forgotten-Pink.pdf,pdfs/articles/The-Forgotten-Pink.pdf,https://pub-011dc1a7faab4dbbafd9b3954e64f5f8.r2.dev/pdfs/articles/The-Forgotten-Pink.pdf,9166482,4248,ok,,category-the-forgotten-pink
BRJ74reffamily1.pdf,pdfs/articles/BRJ74reffamily1.pdf,https://pub-011dc1a7faab4dbbafd9b3954e64f5f8.r2.dev/pdfs/articles/BRJ74reffamily1.pdf,133531,1015,ok,,category-the-reformed-family-authoritative-content-of-the-gospel
BRJ74housechurch3.pdf,pdfs/articles/BRJ74housechurch3.pdf,https://pub-011dc1a7faab4dbbafd9b3954e64f5f8.r2.dev/pdfs/articles/BRJ74housechurch3.pdf,190876,1378,ok,,category-the-reformed-family-authoritative-content-of-the-gospel-rhnp4
Issue-283-The-Pastoral-Character.pdf,pdfs/articles/Issue-283-The-Pastoral-Character.pdf,https://pub-011dc1a7faab4dbbafd9b3954e64f5f8.r2.dev/pdfs/articles/Issue-283-The-Pastoral-Character.pdf,3831772,3320,ok,,category-the-pastoral-character-of-the-canons-of-dordt
The-Reformed-Church-in-the-Philippines0001.pdf,pdfs/articles/The-Reformed-Church-in-the-Philippines0001.pdf,https://pub-011dc1a7faab4dbbafd9b3954e64f5f8.r2.dev/pdfs/articles/The-Reformed-Church-in-the-Philippines0001.pdf,864401,2840,ok,,category-the-refor
BRJ-07-July-Sept-1994-Reformed-View-of-Baptism-2.pdf,pdfs/articles/BRJ-07-July-Sept-1994-Reformed-View-of-Baptism-2.pdf,https://pub-011dc1a7faab4dbbafd9b3954e64f5f8.r2.dev/pdfs/articles/BRJ-07-July-Sept-1994-Reformed-View-of-Baptism-2.pdf,410196,981,ok,,category-the-reformed-view-of-baptism-2-its-mode
brj04octdec93-03-reformed-worldview-5b4m.pdf,pdfs/articles/brj04octdec93-03-reformed-worldview-5b4m.pdf,https://pub-011dc1a7faab4dbbafd9b3954e64f5f8.r2.dev/pdfs/articles/brj04octdec93-03-reformed-worldview-5b4m.pdf,343572,1039,ok,,category-the-reformed-life-and-world-view-what-is-it
BRJ-06-Apr-June-1994-reformed-view-of-baptism.pdf,pdfs/articles/BRJ-06-Apr-June-1994-reformed-view-of-baptism.pdf,https://pub-011dc1a7faab4dbbafd9b3954e64f5f8.r2.dev/pdfs/articles/BRJ-06-Apr-June-1994-reformed-view-of-baptism.pdf,286074,994,ok,,category-the-reformed-view-of-baptism
Issue-337-The-Reality-of-Wrath.pdf,pdfs/articles/Issue-337-The-Reality-of-Wrath.pdf,https://pub-011dc1a7faab4dbbafd9b3954e64f5f8.r2.dev/pdfs/articles/Issue-337-The-Reality-of-Wrath.pdf,5564889,3713,ok,,category-the-reality-of-wrath-towards-a-true-understanding-of-god-and-the-gospel
BRJ-08-Oct-Dec-1994-Reformed-Baptism-3.pdf,pdfs/articles/BRJ-08-Oct-Dec-1994-Reformed-Baptism-3.pdf,https://pub-011dc1a7faab4dbbafd9b3954e64f5f8.r2.dev/pdfs/articles/BRJ-08-Oct-Dec-1994-Reformed-Baptism-3.pdf,871259,1245,ok,,category-the-reformed-view-of-baptism-3-its-mode-continued-1
BRJ75reffamily2.pdf,pdfs/articles/BRJ75reffamily2.pdf,https://pub-011dc1a7faab4dbbafd9b3954e64f5f8.r2.dev/pdfs/articles/BRJ75reffamily2.pdf,132308,2090,ok,,category-the-reformed-family-parents-and-children
BRJ63threewaves.pdf,pdfs/articles/BRJ63threewaves.pdf,https://pub-011dc1a7faab4dbbafd9b3954e64f5f8.r2.dev/pdfs/articles/BRJ63threewaves.pdf,214428,981,ok,,category-the-three-waves-of-charismatic-christianity
BRJ-10-Apr-June-1995-The-Forgotten-Kennedy-2.pdf,pdfs/articles/BRJ-10-Apr-June-1995-The-Forgotten-Kennedy-2.pdf,https://pub-011dc1a7faab4dbbafd9b3954e64f5f8.r2.dev/pdfs/articles/BRJ-10-Apr-June-1995-The-Forgotten-Kennedy-2.pdf,863498,964,ok,,category-the
BRJ56delaplace.pdf,pdfs/articles/BRJ56delaplace.pdf,https://pub-011dc1a7faab4dbbafd9b3954e64f5f8.r2.dev/pdfs/articles/BRJ56delaplace.pdf,225671,2226,ok,,category-the-resurrection-of-a-french-heresy-joshua-de-la-places-denial-of-the-immediate-imputation-of-adams-sin-to-his-posterity-1
BRJ76divorceremarriagescandel.pdf,pdfs/articles/BRJ76divorceremarriagescandel.pdf,https://pub-011dc1a7faab4dbbafd9b3954e64f5f8.r2.dev/pdfs/articles/BRJ76divorceremarriagescandel.pdf,155401,963,ok,,category-unbiblical-divorce-and-adulterous-remarriage-a-scandal
Copy-of-BRJ-05-Jan-Mar-1994-pages-2.pdf,pdfs/articles/Copy-of-BRJ-05-Jan-Mar-1994-pages-2.pdf,https://pub-011dc1a7faab4dbbafd9b3954e64f5f8.r2.dev/pdfs/articles/Copy-of-BRJ-05-Jan-Mar-1994-pages-2.pdf,829198,2862,ok,,category-the-sufficiency-inspiration-of-holy-scripture
Book-Reviews-Dimensions-of-Eternal-Love0001.pdf,pdfs/articles/Book-Reviews-Dimensions-of-Eternal-Love0001.pdf,https://pub-011dc1a7faab4dbbafd9b3954e64f5f8.r2.dev/pdfs/articles/Book-Reviews-Dimensions-of-Eternal-Love0001.pdf,1079830,927,ok,,category-w6tkusdye0c7rnbp5e6a27p6jmqrkx
The-Subjects-of-Baptism0001.pdf,pdfs/articles/The-Subjects-of-Baptism0001.pdf,https://pub-011dc1a7faab4dbbafd9b3954e64f5f8.r2.dev/pdfs/articles/The-Subjects-of-Baptism0001.pdf,2682682,3243,ok,,category-the-subjects-of-babtism
Issue-422-The-Scriptural-Presentation.pdf,pdfs/articles/Issue-422-The-Scriptural-Presentation.pdf,https://pub-011dc1a7faab4dbbafd9b3954e64f5f8.r2.dev/pdfs/articles/Issue-422-The-Scriptural-Presentation.pdf,11511636,3334,ok,,category-the-scriptural-presentation-of-gods-hatred
BRJ-07-July-Sept-1994-What-Good-are-they-Today.pdf,pdfs/articles/BRJ-07-July-Sept-1994-What-Good-are-they-Today.pdf,https://pub-011dc1a7faab4dbbafd9b3954e64f5f8.r2.dev/pdfs/articles/BRJ-07-July-Sept-1994-What-Good-are-they-Today.pdf,810583,979,ok,,category-what-good-are-they-today
BRJ-06-Apr-June-1994-why-we-sing-psalms.pdf,pdfs/articles/BRJ-06-Apr-June-1994-why-we-sing-psalms.pdf,https://pub-011dc1a7faab4dbbafd9b3954e64f5f8.r2.dev/pdfs/articles/BRJ-06-Apr-June-1994-why-we-sing-psalms.pdf,241267,980,ok,,category-why-we-sing-psalms
BRJ56Israel.pdf,pdfs/articles/BRJ56Israel.pdf,https://pub-011dc1a7faab4dbbafd9b3954e64f5f8.r2.dev/pdfs/articles/BRJ56Israel.pdf,197074,2209,ok,,category-what-about-israel-1
Issue-301-The-Westminster-Confession.pdf,pdfs/articles/Issue-301-The-Westminster-Confession.pdf,https://pub-011dc1a7faab4dbbafd9b3954e64f5f8.r2.dev/pdfs/articles/Issue-301-The-Westminster-Confession.pdf,13551664,3929,ok,,category-the-westminster-confession
Review-Hyper-Evangelism-Another-Gospel0001.pdf,pdfs/articles/Review-Hyper-Evangelism-Another-Gospel0001.pdf,https://pub-011dc1a7faab4dbbafd9b3954e64f5f8.r2.dev/pdfs/articles/Review-Hyper-Evangelism-Another-Gospel0001.pdf,2228234,3110,ok,,category-urmtpo0ly59otbxhpeqqbik2p5pyaq
brj04octdec93-09-zion-independent-chapel-pmzp.pdf,pdfs/articles/brj04octdec93-09-zion-independent-chapel-pmzp.pdf,https://pub-011dc1a7faab4dbbafd9b3954e64f5f8.r2.dev/pdfs/articles/brj04octdec93-09-zion-independent-chapel-pmzp.pdf,306708,1019,ok,,category-zion-independent-chapel-morley-near-leeds
Copy-of-BRJ-05-Jan-Mar-1994-pages-3.pdf,pdfs/articles/Copy-of-BRJ-05-Jan-Mar-1994-pages-3.pdf,https://pub-011dc1a7faab4dbbafd9b3954e64f5f8.r2.dev/pdfs/articles/Copy-of-BRJ-05-Jan-Mar-1994-pages-3.pdf,1560037,992,ok,,category-words-of-inspiration
Issue-282-The-Synod-of-Dordt.pdf,pdfs/articles/Issue-282-The-Synod-of-Dordt.pdf,https://pub-011dc1a7faab4dbbafd9b3954e64f5f8.r2.dev/pdfs/articles/Issue-282-The-Synod-of-Dordt.pdf,13492722,5642,ok,,category-the-synod-of-dordt
Correspondence0001-1.pdf,pdfs/articles/Correspondence0001-1.pdf,https://pub-011dc1a7faab4dbbafd9b3954e64f5f8.r2.dev/pdfs/articles/Correspondence0001-1.pdf,1825967,2335,ok,,pjytv0yealc8aitq690yzwddfyg77d
Issue-235-Correspondence.pdf,pdfs/articles/Issue-235-Correspondence.pdf,https://pub-011dc1a7faab4dbbafd9b3954e64f5f8.r2.dev/pdfs/articles/Issue-235-Correspondence.pdf,985590,2831,ok,,ka9sgrb88n732chw5pcrzgn22rg32j
Correspondence-drbs.pdf,pdfs/articles/Correspondence-drbs.pdf,https://pub-011dc1a7faab4dbbafd9b3954e64f5f8.r2.dev/pdfs/articles/Correspondence-drbs.pdf,1862465,2228,ok,,pyllmp83l7mjmdbg985n7cfxlsx3n8
Issue-311-WHO-are-the.pdf,pdfs/articles/Issue-311-WHO-are-the.pdf,https://pub-011dc1a7faab4dbbafd9b3954e64f5f8.r2.dev/pdfs/articles/Issue-311-WHO-are-the.pdf,7357757,4873,ok,,category-who-are-the-wicked-and-the-righteous-in-scripture
Issue-324-WHO-are-the-Wicked.pdf,pdfs/articles/Issue-324-WHO-are-the-Wicked.pdf,https://pub-011dc1a7faab4dbbafd9b3954e64f5f8.r2.dev/pdfs/articles/Issue-324-WHO-are-the-Wicked.pdf,8215416,4817,ok,,category-who-are-the-wicked-amp-the-righteous-in-scripture
Issue-264-WHO-Seduced-our.pdf,pdfs/articles/Issue-264-WHO-Seduced-our.pdf,https://pub-011dc1a7faab4dbbafd9b3954e64f5f8.r2.dev/pdfs/articles/Issue-264-WHO-Seduced-our.pdf,6429330,4350,ok,,category-who-seduced-our-fathers-away-from-psalmody-isaac-watts-unmasked
Issue-327-Correspondence.pdf,pdfs/articles/Issue-327-Correspondence.pdf,https://pub-011dc1a7faab4dbbafd9b3954e64f5f8.r2.dev/pdfs/articles/Issue-327-Correspondence.pdf,1626113,3119,ok,,smkf6x9nfas8c54j74mmmcn76l8pxf
