conference_slug,conference_title,mp3_url,bytes,status
2018-the-reformed-family-according-to-the-word-of-god-hebron-hall-wales-21-28-july,"2018: ""The Reformed Family—According to the Word of God"" (Hebron Hall  Wales; 21-28 July)",https://britishreformed.squarespace.com/s/1divineoriginoffamily-wal2.mp3,11587817,200
2018-the-reformed-family-according-to-the-word-of-god-hebron-hall-wales-21-28-july,"2018: ""The Reformed Family—According to the Word of God"" (Hebron Hall  Wales; 21-28 July)",https://britishreformed.squarespace.com/s/2authoritativecontent-pegt.mp3,11842361,200
2018-the-reformed-family-according-to-the-word-of-god-hebron-hall-wales-21-28-july,"2018: ""The Reformed Family—According to the Word of God"" (Hebron Hall  Wales; 21-28 July)",https://britishreformed.squarespace.com/s/3Godfearingman.mp3,12514855,200
2018-the-reformed-family-according-to-the-word-of-god-hebron-hall-wales-21-28-july,"2018: ""The Reformed Family—According to the Word of God"" (Hebron Hall  Wales; 21-28 July)",https://britishreformed.squarespace.com/s/4reformedfamily.mp3,15533047,200
2018-the-reformed-family-according-to-the-word-of-god-hebron-hall-wales-21-28-july,"2018: ""The Reformed Family—According to the Word of God"" (Hebron Hall  Wales; 21-28 July)",https://britishreformed.squarespace.com/s/5goodtobesingle.mp3,16170430,200
2018-the-reformed-family-according-to-the-word-of-god-hebron-hall-wales-21-28-july,"2018: ""The Reformed Family—According to the Word of God"" (Hebron Hall  Wales; 21-28 July)",https://britishreformed.squarespace.com/s/6unbiblicaldivorce.mp3,13404917,200
2018-the-reformed-family-according-to-the-word-of-god-hebron-hall-wales-21-28-july,"2018: ""The Reformed Family—According to the Word of God"" (Hebron Hall  Wales; 21-28 July)",https://britishreformed.squarespace.com/s/hatingfamily-p783.mp3,8461302,200
2018-the-reformed-family-according-to-the-word-of-god-hebron-hall-wales-21-28-july,"2018: ""The Reformed Family—According to the Word of God"" (Hebron Hall  Wales; 21-28 July)",https://britishreformed.squarespace.com/s/Godoftheliving2.mp3,11283317,200
2018-the-reformed-family-according-to-the-word-of-god-hebron-hall-wales-21-28-july,"2018: ""The Reformed Family—According to the Word of God"" (Hebron Hall  Wales; 21-28 July)",https://britishreformed.squarespace.com/s/eunuchskeepsabbath2.mp3,11472770,200
2018-the-reformed-family-according-to-the-word-of-god-hebron-hall-wales-21-28-july,"2018: ""The Reformed Family—According to the Word of God"" (Hebron Hall  Wales; 21-28 July)",https://britishreformed.squarespace.com/s/spousalabuse.mp3,15922852,200
behold-i-come-quickly-the-reformed-biblical-doctrine-of-the-end-castlewellan-castle-2016,"""Behold  I Come Quickly: The Reformed  Biblical Doctrine of the End"" (Castlewellan Castle  2016)",http://www.britishreformed.org/s/secondandquickcomingofjesuschrist.mp3,20101004,200
behold-i-come-quickly-the-reformed-biblical-doctrine-of-the-end-castlewellan-castle-2016,"""Behold  I Come Quickly: The Reformed  Biblical Doctrine of the End"" (Castlewellan Castle  2016)",http://www.britishreformed.org/s/reformedbeliefconcerningraptureandantichrist.mp3,12866022,200
behold-i-come-quickly-the-reformed-biblical-doctrine-of-the-end-castlewellan-castle-2016,"""Behold  I Come Quickly: The Reformed  Biblical Doctrine of the End"" (Castlewellan Castle  2016)",http://www.britishreformed.org/s/comingworldconquestofbeastfromsea.mp3,17454292,200
behold-i-come-quickly-the-reformed-biblical-doctrine-of-the-end-castlewellan-castle-2016,"""Behold  I Come Quickly: The Reformed  Biblical Doctrine of the End"" (Castlewellan Castle  2016)",http://www.britishreformed.org/s/jesuscomingasthief.mp3,12541305,200
behold-i-come-quickly-the-reformed-biblical-doctrine-of-the-end-castlewellan-castle-2016,"""Behold  I Come Quickly: The Reformed  Biblical Doctrine of the End"" (Castlewellan Castle  2016)",http://www.britishreformed.org/s/twowitnessesofrevelation11.mp3,19625363,200
behold-i-come-quickly-the-reformed-biblical-doctrine-of-the-end-castlewellan-castle-2016,"""Behold  I Come Quickly: The Reformed  Biblical Doctrine of the End"" (Castlewellan Castle  2016)",http://www.britishreformed.org/s/calledtoliveinexpectation.mp3,13686127,200
