kind,ref,source,url,bytes,status
article,"1990: ""Marriage and the Family"" (Colwyn Bay  Aug.  Wales)",remote,http://www.britishreformed.org/s/BRF-Familiy-Conferences-Issue-5.pdf,1235958,200
article,"1994: ""Sovereign Grace"" (Galasheils  Scotland  30 July-6 Aug.)",remote,http://www.britishreformed.org/s/Family-Holiday-Conference-at-Galashiels-in-Scotland.pdf,5093887,200
article,Baptism: Meaning  Mode &amp;amp; Subject,remote,http://static.squarespace.com/static/5359681be4b04d0a00bdd9ad/535a414be4b0f68af015b578/535a414be4b0f68af015b596/1279990677000/baptism.pdf,0,404
article,Baptism: Meaning  Mode &amp;amp; Subject,remote,http://www.cprf.co.uk/languages/dutch_baptismkimmitt.pdf,-1,404
article,Union With Christ,remote,https://cprc.co.uk/wp-content/uploads/2024/08/portuguese_unionwithChristforeword.pdf,86183,200
article,Union With Christ,remote,https://cprc.co.uk/wp-content/uploads/2024/08/polish_unionwithChristch1.pdf,174858,200
article,Translations,remote,https://cprc.co.uk/wp-content/uploads/2024/12/polish_unionwithchristall.pdf,1949817,200
article,Translations,remote,https://cprc.co.uk/wp-content/uploads/2025/03/spanish_beyeholych5.pdf,336796,200
article,Translations,remote,https://cprc.co.uk/wp-content/uploads/2025/03/spanish_beyeholych6.pdf,176194,200
article,Translations,remote,https://cprc.co.uk/wp-content/uploads/2025/04/spanish_beyeholych7.pdf,245017,200
article,Translations,remote,https://cprc.co.uk/wp-content/uploads/2026/03/spanish_beyeholych10.pdf,301833,200
article,Translations,remote,https://cprc.co.uk/wp-content/uploads/2024/02/polish_mkbaptism.pdf,1283843,200
article,Translations,remote,https://cprc.co.uk/wp-content/uploads/2022/01/polish_fivepointsforeword.pdf,52596,200
article,Translations,remote,https://cprc.co.uk/wp-content/uploads/2021/06/polish_fivepointsch1.pdf,114746,200
article,Translations,remote,https://cprc.co.uk/wp-content/uploads/2021/06/polish_fivepointsch2.pdf,126020,200
article,Translations,remote,https://cprc.co.uk/wp-content/uploads/2021/10/polish_fivepointsch3.pdf,135174,200
article,Translations,remote,https://cprc.co.uk/wp-content/uploads/2021/11/polish_fivepointsch4.pdf,131007,200
article,Translations,remote,https://cprc.co.uk/wp-content/uploads/2021/12/polish_fivepointsch5.pdf,117201,200
article,Translations,remote,https://cprc.co.uk/wp-content/uploads/2022/01/polish_fivepointsch6.pdf,110475,200
article,Translations,remote,https://cprc.co.uk/wp-content/uploads/2022/01/polish_fivepointsbrf.pdf,41679,200
article,Translations,remote,https://cprc.co.uk/wp-content/uploads/2024/02/spanish_fivepointsofcalvinismforeword.pdf,93554,200
article,Translations,remote,https://cprc.co.uk/wp-content/uploads/2024/02/spanish_fivepointsofcalvinismch1.pdf,171977,200
article,Translations,remote,https://cprc.co.uk/wp-content/uploads/2024/02/spanish_fivepointsofcalvinismch2.pdf,180599,200
article,Translations,remote,https://cprc.co.uk/wp-content/uploads/2024/02/spanish_fivepointsofcalvinismch3.pdf,176799,200
article,Translations,remote,https://cprc.co.uk/wp-content/uploads/2024/02/spanish_fivepointsofcalvinismch4.pdf,228093,200
article,Translations,remote,https://cprc.co.uk/wp-content/uploads/2024/02/spanish_fivepointsofcalvinismch5.pdf,164644,200
article,Translations,remote,https://cprc.co.uk/wp-content/uploads/2024/02/spanish_fivepointsofcalvinismch6.pdf,154484,200
article,Translations,remote,https://cprc.co.uk/wp-content/uploads/2024/02/spanish_fivepointsofcalvinismappendix.pdf,55309,200
article,Translations,remote,https://cprc.co.uk/wp-content/uploads/2026/04/spanish_keepingGodscovenantch1.pdf,253110,200
article,Translations,remote,https://cprc.co.uk/wp-content/uploads/2026/04/spanish_keepingGodscovenantch2.pdf,180292,200
article,Translations,remote,https://cprc.co.uk/wp-content/uploads/2026/04/spanish_keepingGodscovenantch3.pdf,265610,200
article,Translations,remote,https://cprc.co.uk/wp-content/uploads/2026/06/spanish_keepingGodscovenantch4.pdf,235358,200
article,Translations,remote,https://cprc.co.uk/wp-content/uploads/2026/06/spanish_keepingGodscovenantch5.pdf,285746,200
article,Translations,remote,https://cprc.co.uk/wp-content/uploads/2026/06/spanish_keepingGodscovenantch6.pdf,222896,200
issue,Another Look at the 1859 Revival in Ireland (1),remote,http://static.squarespace.com/static/5359681be4b04d0a00bdd9ad/5398a5fde4b0172c0d398003/5398a619e4b0172c0d398661/1402512921241/1859%20revival%20(1).pdf,0,200
issue,The Fight for the Reformed Faith: DEBATE ON REDEMPTION AT THE WESTMINSTER ASSEMBLY,remote,http://static.squarespace.com/static/5359681be4b04d0a00bdd9ad/5398a5fde4b0172c0d398003/5398a618e4b0172c0d39856b/1402512920448/BRJ13%20WESTM%20_DB1.pdf,0,200
issue,Calvin Versus Darwin: Anniversaries  Origins and World-Views (4),remote,http://static.squarespace.com/static/5359681be4b04d0a00bdd9ad/5398a5fde4b0172c0d398003/5398a619e4b0172c0d398692/1402512921522/Calvin%20versus%20Darwin%204.pdf,0,200
issue,Calvin Versus Darwin: Anniversaries  Origins and World-Views (1),remote,http://static.squarespace.com/static/5359681be4b04d0a00bdd9ad/5398a5fde4b0172c0d398003/5398a619e4b0172c0d39866d/1402512921290/Calvin%20versus%20Darwin%201.pdf,0,200
issue,Calvin Versus Darwin: Anniversaries  Origins and World-Views (1),remote,https://cprc.co.uk/wp-content/uploads/2024/03/spanish_calvinvsdarwin.pdf,553354,200
issue,Calvin Versus Darwin: Anniversaries  Origins and World-Views (2),remote,http://static.squarespace.com/static/5359681be4b04d0a00bdd9ad/5398a5fde4b0172c0d398003/5398a619e4b0172c0d39867d/1402512921373/Calvin%20versus%20Darwin%202.pdf,0,200
issue,A Critical Examination of John Piper’s “Christian Hedonism” (1),remote,http://static.squarespace.com/static/5359681be4b04d0a00bdd9ad/5398a5fde4b0172c0d398003/5398a619e4b0172c0d39867a/1402512921358/Christian%20Hedonism%201.pdf,0,200
issue,Correspondence: Hebrew Vowel Points,remote,http://static.squarespace.com/static/5359681be4b04d0a00bdd9ad/5398a5fde4b0172c0d398003/5398a618e4b0172c0d39858c/1402512920625/Correspondence%20-%20Issue%2019.pdf,0,200
issue,"Editorial Book Review: ""A Review of The Reformed Faith of John Calvin: The Institutes in Summary"" by David J. Engelsma",remote,http://static.squarespace.com/static/5359681be4b04d0a00bdd9ad/5398a5fde4b0172c0d398003/5398a619e4b0172c0d398670/1402512921309/Editorial%20-%20Reformed%20Faith%20John%20Calvin.pdf,0,200
issue,The Free Offer Issue (7),remote,http://static.squarespace.com/static/5359681be4b04d0a00bdd9ad/5398a5fde4b0172c0d398003/5398a619e4b0172c0d398676/1402512921344/Free%20Offer%20Issue%207.pdf,0,200
issue,The Free Offer Issue (8),remote,http://static.squarespace.com/static/5359681be4b04d0a00bdd9ad/5398a5fde4b0172c0d398003/5398a619e4b0172c0d398680/1402512921462/Free%20Offer%20Issue%208.pdf,0,200
issue,The Great Revival of Religion 1740-1745 (2),remote,http://static.squarespace.com/static/5359681be4b04d0a00bdd9ad/5398a5fde4b0172c0d398003/5398a618e4b0172c0d3985b3/1402512920755/HODGE%20REVL%20CRIT%202.pdf,0,200
issue,The Great Revival of Religion 1740-1745 (1),remote,http://static.squarespace.com/static/5359681be4b04d0a00bdd9ad/5398a5fde4b0172c0d398003/5398a618e4b0172c0d398595/1402512920665/HODGE%20RVL%20CRIT%201.pdf,0,200
issue,Fundamentalists and the Incorruptible Blood (5),remote,http://static.squarespace.com/static/5359681be4b04d0a00bdd9ad/5398a5fde4b0172c0d398003/5398a619e4b0172c0d398673/1402512921325/Incorruptible%20Blood%205.pdf,0,200
issue,The 1595 Lambeth Articles and the So-called “Calvinist Consensus” (1),remote,http://static.squarespace.com/static/5359681be4b04d0a00bdd9ad/5398a5fde4b0172c0d398003/5398a619e4b0172c0d39863d/1402512921115/Lambeth%20Articles%20(1).pdf,0,200
issue,The 1595 Lambeth Articles and the So-called “Calvinist Consensus” (2),remote,http://static.squarespace.com/static/5359681be4b04d0a00bdd9ad/5398a5fde4b0172c0d398003/5398a619e4b0172c0d39864c/1402512921162/Lambeth%20Articles%20(2).pdf,0,200
issue,Another Look at the 1859 Revival in Ireland (2),remote,http://static.squarespace.com/static/5359681be4b04d0a00bdd9ad/5398a5fde4b0172c0d398003/5398a619e4b0172c0d39866a/1402512921274/Look%20at%20Revivals%202.pdf,0,200
issue,Edited Half Away: Further Considerations of Banner of Truth Edition of Pink’s Sovereignty of God,remote,http://static.squarespace.com/static/5359681be4b04d0a00bdd9ad/5398a5fde4b0172c0d398003/5398a618e4b0172c0d398589/1402512920608/REV%20RH%20PINK%202.pdf,23891,200
issue,Adoption: A Theological Exposition of a Neglected Doctrine,remote,http://static.squarespace.com/static/5359681be4b04d0a00bdd9ad/5398a5fde4b0172c0d398003/5398a618e4b0172c0d3985b9/1402512920775/REV.%20AS%20ADOPTN.pdf,0,200
issue,Adoption: A Theological Exposition of a Neglected Doctrine,remote,https://cprc.co.uk/wp-content/uploads/2024/03/spanish_adoption.pdf,455994,200
issue,The Meaning of Baptism with Special Reference to the Baptist View (1),remote,http://static.squarespace.com/static/5359681be4b04d0a00bdd9ad/5398a5fde4b0172c0d398003/5398a618e4b0172c0d3985c2/1402512920800/REV.%20AS%20BAPT%201.pdf,0,200
issue,The Meaning of Baptism with Special Reference to the Baptist View (2),remote,http://static.squarespace.com/static/5359681be4b04d0a00bdd9ad/5398a5fde4b0172c0d398003/5398a618e4b0172c0d3985e0/1402512920902/REV.%20AS%20BAPT%202.pdf,0,200
article,Free Will?,remote,http://static.squarespace.com/static/5359681be4b04d0a00bdd9ad/5398a5fde4b0172c0d398003/5398a618e4b0172c0d39857d/1402512920549/REV.%20D.BL%20FR_WLL.pdf,0,200
issue,A Plea for Creeds,remote,http://static.squarespace.com/static/5359681be4b04d0a00bdd9ad/5398a5fde4b0172c0d398003/5398a618e4b0172c0d3985b6/1402512920764/REV.%20RH%20%20PLEA%20CREEDS.pdf,0,200
issue,The Covenant with Creation,remote,http://static.squarespace.com/static/5359681be4b04d0a00bdd9ad/5398a5fde4b0172c0d398003/5398a618e4b0172c0d398586/1402512920597/REV.%20RH%20C%20WITH%20CREATN.pdf,0,200
issue,Logic and Scripture,remote,http://static.squarespace.com/static/5359681be4b04d0a00bdd9ad/5398a5fde4b0172c0d398003/5398a618e4b0172c0d398583/1402512920579/RH%20LGC%20SC.pdf,0,200
issue,The Well-Meant Offer and Reprobation,remote,http://static.squarespace.com/static/5359681be4b04d0a00bdd9ad/5398a5fde4b0172c0d398003/5398a618e4b0172c0d398580/1402512920566/RH%20REPROBN.pdf,0,200
issue,Recommended Reading on Revivals,remote,http://static.squarespace.com/static/5359681be4b04d0a00bdd9ad/5398a5fde4b0172c0d398003/5398a618e4b0172c0d39858f/1402512920634/Recommended%20Reading%20on%20Revivals%20-%20Issue%2019.pdf,0,200
issue,Say: Shibboleth! Say... Revival!,remote,http://static.squarespace.com/static/5359681be4b04d0a00bdd9ad/5398a5fde4b0172c0d398003/5398a618e4b0172c0d398592/1402512920647/Say%20Shibboleth%20-%20Issue%2019.pdf,0,200
issue,"The ""Great Awakening"" - Was it?",remote,http://static.squarespace.com/static/5359681be4b04d0a00bdd9ad/5398a5fde4b0172c0d398003/5398a618e4b0172c0d39859e/1402512920692/The%20Great%20Awakening%20-%20Issue%2019.pdf,0,200
issue,"The Last of the Calvinistic Methodists: D. M. Lloyd-Jones and His Problematic ""Revival"" Theology",remote,http://static.squarespace.com/static/5359681be4b04d0a00bdd9ad/5398a5fde4b0172c0d398003/5398a618e4b0172c0d39859a/1402512920682/The%20Last%20of%20the%20Calvinistic%20Methodists%20-%20Issue%2019.pdf,0,200
issue,Editorial Book Review: Bound to Join by David J Engelsma,remote,http://static.squarespace.com/static/5359681be4b04d0a00bdd9ad/5398a5fde4b0172c0d398003/5398a619e4b0172c0d39868c/1402512921501/boundtojoineditorial.pdf,0,200
issue,Adultery: Does It Break the Marriage Bond? (1),remote,http://static.squarespace.com/static/5359681be4b04d0a00bdd9ad/5398a5fde4b0172c0d398003/5398a619e4b0172c0d398686/1402512921481/breakmarriagebond1.pdf,0,200
issue,Adultery: Does It Break the Marriage Bond? (2),remote,http://static.squarespace.com/static/5359681be4b04d0a00bdd9ad/5398a5fde4b0172c0d398003/5398a619e4b0172c0d39868f/1402512921511/breakmarriagebond2.pdf,0,200
issue,Calvin Versus Darwin: Anniversaries  Origins and World-Views (3),remote,http://static.squarespace.com/static/5359681be4b04d0a00bdd9ad/5398a5fde4b0172c0d398003/5398a619e4b0172c0d398689/1402512921491/calvinversusdarwin3.pdf,0,200
issue,Harold Camping Refuted: The Necessity of Membership in the Church (Institute) (1),remote,http://static.squarespace.com/static/5359681be4b04d0a00bdd9ad/5398a5fde4b0172c0d398003/5398a619e4b0172c0d398698/1402512921544/camping1.pdf,0,200
issue,A Critical Examination of John Piper’s “Christian Hedonism” (2),remote,http://static.squarespace.com/static/5359681be4b04d0a00bdd9ad/5398a5fde4b0172c0d398003/5398a619e4b0172c0d398683/1402512921471/christianhedonism2.pdf,0,200
issue,The Controversy over Exclusive Psalmody,remote,http://static.squarespace.com/static/5359681be4b04d0a00bdd9ad/5398a5fde4b0172c0d398003/5398a618e4b0172c0d3985bf/1402512920792/debate%20over%20exclusive%20psalmody.pdf,0,200
issue,The Development of the Doctrine of the Covenant (1),remote,http://static.squarespace.com/static/5359681be4b04d0a00bdd9ad/5398a5fde4b0172c0d398003/5398a618e4b0172c0d3985e6/1402512920918/development%20of%20doctrine%20of%20covenant%201.pdf,0,200
issue,The Development of the Doctrine of the Covenant (2): The Early Church (1),remote,http://static.squarespace.com/static/5359681be4b04d0a00bdd9ad/5398a5fde4b0172c0d398003/5398a618e4b0172c0d3985e9/1402512920927/development%20of%20doctrine%20of%20covenant%202.pdf,0,200
issue,The Development of the Doctrine of the Covenant (3): The Early Church (2),remote,http://static.squarespace.com/static/5359681be4b04d0a00bdd9ad/5398a5fde4b0172c0d398003/5398a618e4b0172c0d3985ec/1402512920937/development%20of%20doctrine%20of%20covenant%203.pdf,0,200
issue,The Development of the Doctrine of the Covenant (4): Augustine and Sovereign Grace,remote,http://static.squarespace.com/static/5359681be4b04d0a00bdd9ad/5398a5fde4b0172c0d398003/5398a618e4b0172c0d3985f0/1402512920947/development%20of%20doctrine%20of%20covenant%204.pdf,0,200
issue,The Development of the Doctrine of the Covenant (5): John of Damascus and the Perichoresis,remote,http://static.squarespace.com/static/5359681be4b04d0a00bdd9ad/5398a5fde4b0172c0d398003/5398a618e4b0172c0d398601/1402512920994/development%20of%20doctrine%20of%20covenant%205.pdf,0,200
issue,The Development of the Doctrine of the Covenant (6): Anselm and the Necessity of the Atonement,remote,http://static.squarespace.com/static/5359681be4b04d0a00bdd9ad/5398a5fde4b0172c0d398003/5398a619e4b0172c0d398607/1402512921012/development%20of%20doctrine%20of%20covenant%206.pdf,0,200
issue,The Development of the Doctrine of the Covenant (7): Heinrich Bullinger  the First Covenant Theologian,remote,http://static.squarespace.com/static/5359681be4b04d0a00bdd9ad/5398a5fde4b0172c0d398003/5398a619e4b0172c0d398621/1402512921030/development%20of%20doctrine%20of%20covenant%207.pdf,0,200
issue,Does God Really Desire to Save the Reprobate? (1),remote,http://static.squarespace.com/static/5359681be4b04d0a00bdd9ad/5398a5fde4b0172c0d398003/5398a619e4b0172c0d398634/1402512921079/does%20god%20desire%20-%201.pdf,0,200
issue,Does God Really Desire to Save the Reprobate? (2),remote,http://static.squarespace.com/static/5359681be4b04d0a00bdd9ad/5398a5fde4b0172c0d398003/5398a619e4b0172c0d398637/1402512921088/does%20god%20desire%20-%202.pdf,0,200
issue,Does God Really Desire to Save the Reprobate? (3),remote,http://static.squarespace.com/static/5359681be4b04d0a00bdd9ad/5398a5fde4b0172c0d398003/5398a619e4b0172c0d398643/1402512921135/does%20god%20desire%20-%203.pdf,0,200
issue,Editorial: Worship,remote,http://static.squarespace.com/static/5359681be4b04d0a00bdd9ad/5398a5fde4b0172c0d398003/5398a619e4b0172c0d398695/1402512921531/editorial%20worship.pdf,0,200
issue,"Editorial Book Review: ""The Covenant of God and the Children of Believers"" by David Engelsma)",remote,http://static.squarespace.com/static/5359681be4b04d0a00bdd9ad/5398a5fde4b0172c0d398003/5398a619e4b0172c0d39863a/1402512921101/editorial%20-%20covenant%20children.pdf,0,200
issue,The Free Offer Issue (1),remote,http://static.squarespace.com/static/5359681be4b04d0a00bdd9ad/5398a5fde4b0172c0d398003/5398a619e4b0172c0d398631/1402512921056/free%20offer%20issue%201.pdf,0,200
issue,The Free Offer Issue (2),remote,http://static.squarespace.com/static/5359681be4b04d0a00bdd9ad/5398a5fde4b0172c0d398003/5398a619e4b0172c0d398640/1402512921124/free%20offer%20issue%202.pdf,0,200
issue,The Free Offer Issue (3),remote,http://static.squarespace.com/static/5359681be4b04d0a00bdd9ad/5398a5fde4b0172c0d398003/5398a619e4b0172c0d39864f/1402512921172/free%20offer%20issue%203.pdf,0,200
issue,The Free Offer Issue (4),remote,http://static.squarespace.com/static/5359681be4b04d0a00bdd9ad/5398a5fde4b0172c0d398003/5398a619e4b0172c0d39865e/1402512921222/free%20offer%20issue%204.pdf,0,200
issue,The Free Offer Issue (5),remote,http://static.squarespace.com/static/5359681be4b04d0a00bdd9ad/5398a5fde4b0172c0d398003/5398a618e4b0172c0d398563/1402512920408/free%20offer%20issue%205.pdf,0,200
issue,The Free Offer Issue (6),remote,http://static.squarespace.com/static/5359681be4b04d0a00bdd9ad/5398a5fde4b0172c0d398003/5398a619e4b0172c0d398667/1402512921264/free%20offer%20issue%206.pdf,0,200
issue,Giving the Arminian Babel a Shake: The Wesley-Toplady Controversy (1),remote,http://static.squarespace.com/static/5359681be4b04d0a00bdd9ad/5398a5fde4b0172c0d398003/5398a619e4b0172c0d398604/1402512921004/giving%20the%20arminian%20babel%20a%20shake%201.pdf,0,200
issue,Giving the Arminian Babel a Shake: The Wesley-Toplady Controversy (2),remote,http://static.squarespace.com/static/5359681be4b04d0a00bdd9ad/5398a5fde4b0172c0d398003/5398a619e4b0172c0d39860a/1402512921022/giving%20the%20arminian%20babel%20a%20shake%202.pdf,0,200
issue,Giving the Arminian Babel a Shake: The Wesley-Toplady Controversy (3),remote,http://static.squarespace.com/static/5359681be4b04d0a00bdd9ad/5398a5fde4b0172c0d398003/5398a619e4b0172c0d39862e/1402512921045/giving%20the%20arminian%20babel%20a%20shake%203.pdf,0,200
issue,Household Baptisms,remote,http://static.squarespace.com/static/5359681be4b04d0a00bdd9ad/5398a5fde4b0172c0d398003/5398a618e4b0172c0d3985fb/1402512920977/householdbaptisms.pdf,0,200
issue,A book review of Jonathan Moore's book on English Hypothetical Universalism,remote,http://static.squarespace.com/static/5359681be4b04d0a00bdd9ad/5398a5fde4b0172c0d398003/5398a618e4b0172c0d398553/1402512920325/hypothetical%20universalism%20review.pdf,0,200
issue,Fundamentalists and the  Incorruptible Blood (1),remote,http://static.squarespace.com/static/5359681be4b04d0a00bdd9ad/5398a5fde4b0172c0d398003/5398a619e4b0172c0d398649/1402512921153/incorruptible%20blood%20(1).pdf,0,200
issue,Fundamentalists and the  Incorruptible Blood (2),remote,http://static.squarespace.com/static/5359681be4b04d0a00bdd9ad/5398a5fde4b0172c0d398003/5398a619e4b0172c0d398652/1402512921182/incorruptible%20blood%20(2).pdf,0,200
issue,"Fundamentalists and the ""Incorruptible"" Blood of Christ(3)",remote,http://static.squarespace.com/static/5359681be4b04d0a00bdd9ad/5398a5fde4b0172c0d398003/5398a618e4b0172c0d39855a/1402512920365/incorruptible%20blood%20(3).pdf,0,200
issue,"Fundamentalists and the ""Incorruptible"" Blood of Christ (4)",remote,http://static.squarespace.com/static/5359681be4b04d0a00bdd9ad/5398a5fde4b0172c0d398003/5398a619e4b0172c0d398664/1402512921254/incorruptible%20blood%20(4).pdf,0,200
issue,"Editorial Book Review: ""Keeping God’s Covenant"" by Herman Hanko and David Engelsma)",remote,http://static.squarespace.com/static/5359681be4b04d0a00bdd9ad/5398a5fde4b0172c0d398003/5398a619e4b0172c0d398646/1402512921144/keeping%20gods%20covenant%20editorial.pdf,0,200
issue,"Book Review: ""Martyn Lloyd-Jones (1899-1981) and Twentieth-Century Evangelicalism"" by John Brencher",remote,http://static.squarespace.com/static/5359681be4b04d0a00bdd9ad/5398a5fde4b0172c0d398003/5398a618e4b0172c0d3985fe/1402512920986/lloydjoneswartsandall.pdf,0,200
issue,The 1 000 Years of Revelation 20 (1),remote,http://static.squarespace.com/static/5359681be4b04d0a00bdd9ad/5398a5fde4b0172c0d398003/5398a619e4b0172c0d398658/1402512921202/revelation%2020%20-%20part%201.pdf,0,200
issue,The 1 000 Years of Revelation 20 (2),remote,http://static.squarespace.com/static/5359681be4b04d0a00bdd9ad/5398a5fde4b0172c0d398003/5398a618e4b0172c0d39855d/1402512920388/revelation%2020%20-%20part%202.pdf,0,200
issue,"Editorial Book Review: ""Righteous by Faith Alone"" by Herman Hoeksema",remote,http://static.squarespace.com/static/5359681be4b04d0a00bdd9ad/5398a5fde4b0172c0d398003/5398a618e4b0172c0d3985f8/1402512920968/righteousbyfaithalone.pdf,0,200
issue,The Songs of Zion: What Shall the Church Sing?,remote,http://static.squarespace.com/static/5359681be4b04d0a00bdd9ad/5398a5fde4b0172c0d398003/5398a618e4b0172c0d3985f5/1402512920957/songs%20of%20zion.pdf,0,200
issue,In Grateful Remembrance … (Tribute to Tony Horne  former BRF Secretary),remote,http://static.squarespace.com/static/5359681be4b04d0a00bdd9ad/5398a5fde4b0172c0d398003/5398a619e4b0172c0d398655/1402512921191/tony%20horne%20obit.pdf,0,200
issue,"Book Review: ""Trinity and Covenant: God as Holy Family"" by David Engelsma",remote,http://static.squarespace.com/static/5359681be4b04d0a00bdd9ad/5398a5fde4b0172c0d398003/5398a618e4b0172c0d398556/1402512920346/trinity%20and%20covenant%20review.pdf,0,200
issue,Editorial: Hyper-Calvinist! (1),remote,https://cprc.co.uk/wp-content/uploads/2023/09/russian_answerhypercalvinism.pdf,388726,200
issue,The Doctrine of Scripture,remote,https://cprc.co.uk/wp-content/uploads/2025/02/spanish_doctrineofscripture.pdf,114165,200
issue,The Geneva Theses (1649): A Recently Uncovered Jewel,remote,https://cprc.co.uk/wp-content/uploads/2024/02/polish_genevatheses.pdf,293197,200
issue,The Geneva Theses (1649): A Recently Uncovered Jewel,remote,https://cprc.co.uk/wp-content/uploads/2019/10/portuguese_genevatheses.pdf,198821,200
article,Recap: Evolutionism's Effect on Education,remote,https://static.squarespace.com/static/5359681be4b04d0a00bdd9ad/5398a5fde4b0172c0d398003/5398a619e4b0172c0d39867d/1402512921373/Calvin%20versus%20Darwin%202.pdf,0,200
article-local,more-loving-than-god.pdf,local,/home/workspace/1 Projects/brf2/public/articles/more-loving-than-god.pdf,162914,LOCAL
article-local,gods-saving-will-in-the-new-testament.pdf,local,/home/workspace/1 Projects/brf2/public/articles/gods-saving-will-in-the-new-testament.pdf,217745,LOCAL
article-local,image-of-god-and-responsibility-of-man.pdf,local,/home/workspace/1 Projects/brf2/public/articles/image-of-god-and-responsibility-of-man.pdf,147447,LOCAL
